1185,"IFSC - Climbing World Championships (B,L,S) - Moscow 2021","[{'category': 'LEAD Men', 'results_url': '/api/v1/events/1185/result/1'}, {'category': 'LEAD Women', 'results_url': '/api/v1/events/1185/result/5'}, {'category': 'SPEED Men', 'results_url': '/api/v1/events/1185/result/2'}, {'category': 'SPEED Women', 'results_url': '/api/v1/events/1185/result/6'}, {'category': 'BOULDER Men', 'results_url': '/api/v1/events/1185/result/3'}, {'category': 'BOULDER Women', 'results_url': '/api/v1/events/1185/result/7'}, {'category': 'COMBINED Men', 'results_url': '/api/v1/events/1185/result/4'}, {'category': 'COMBINED Women', 'results_url': '/api/v1/events/1185/result/8'}]"
1301,"IFSC - Climbing World Championships (B,L,S,B&L) - Bern (SUI) 2023","[{'category': 'BOULDER Men', 'results_url': '/api/v1/events/1301/result/3'}, {'category': 'BOULDER Women', 'results_url': '/api/v1/events/1301/result/7'}, {'category': 'LEAD Men', 'results_url': '/api/v1/events/1301/result/1'}, {'category': 'LEAD Women', 'results_url': '/api/v1/events/1301/result/5'}, {'category': 'SPEED Men', 'results_url': '/api/v1/events/1301/result/2'}, {'category': 'SPEED Women', 'results_url': '/api/v1/events/1301/result/6'}, {'category': 'BOULDER&LEAD Men', 'results_url': '/api/v1/events/1301/result/617'}, {'category': 'BOULDER&LEAD Women', 'results_url': '/api/v1/events/1301/result/618'}]"
862,"IFSC Climbing World Championship (L, S) - Gijon (ESP) 2014","[{'category': 'LEAD Men', 'results_url': '/api/v1/events/862/result/1'}, {'category': 'LEAD Women', 'results_url': '/api/v1/events/862/result/5'}, {'category': 'SPEED Men', 'results_url': '/api/v1/events/862/result/2'}, {'category': 'SPEED Women', 'results_url': '/api/v1/events/862/result/6'}]"
988,"IFSC Climbing Worldcup (B) - Hachioji, Tokyo (JPN) 2017","[{'category': 'BOULDER Men', 'results_url': '/api/v1/events/988/result/3'}, {'category': 'BOULDER Women', 'results_url': '/api/v1/events/988/result/7'}]"
939,"IFSC Climbing Worldcup (B, S) - Chongqing (CHN) 2016","[{'category': 'BOULDER Men', 'results_url': '/api/v1/events/939/result/3'}, {'category': 'BOULDER Women', 'results_url': '/api/v1/events/939/result/7'}, {'category': 'SPEED Men', 'results_url': '/api/v1/events/939/result/2'}, {'category': 'SPEED Women', 'results_url': '/api/v1/events/939/result/6'}]"
850,"IFSC Climbing Worldcup (B,S) - Baku (AZE) 2014","[{'category': 'BOULDER Men', 'results_url': '/api/v1/events/850/result/3'}, {'category': 'BOULDER Women', 'results_url': '/api/v1/events/850/result/7'}, {'category': 'SPEED Men', 'results_url': '/api/v1/events/850/result/2'}, {'category': 'SPEED Women', 'results_url': '/api/v1/events/850/result/6'}]"
727,"IFSC Climbing Worldcup (B,S) - Chongqing (CHN) 2012","[{'category': 'BOULDER Men', 'results_url': '/api/v1/events/727/result/3'}, {'category': 'BOULDER Women', 'results_url': '/api/v1/events/727/result/7'}, {'category': 'SPEED Men', 'results_url': '/api/v1/events/727/result/2'}, {'category': 'SPEED Women', 'results_url': '/api/v1/events/727/result/6'}]"
789,"IFSC Climbing Worldcup (B,S) - Chongqing (CHN) 2013","[{'category': 'BOULDER Men', 'results_url': '/api/v1/events/789/result/3'}, {'category': 'BOULDER Women', 'results_url': '/api/v1/events/789/result/7'}, {'category': 'SPEED Men', 'results_url': '/api/v1/events/789/result/2'}, {'category': 'SPEED Women', 'results_url': '/api/v1/events/789/result/6'}]"
849,"IFSC Climbing Worldcup (B,S) - Chongqing (CHN) 2014 ","[{'category': 'BOULDER Men', 'results_url': '/api/v1/events/849/result/3'}, {'category': 'BOULDER Women', 'results_url': '/api/v1/events/849/result/7'}, {'category': 'SPEED Men', 'results_url': '/api/v1/events/849/result/2'}, {'category': 'SPEED Women', 'results_url': '/api/v1/events/849/result/6'}]"
900,"IFSC Climbing Worldcup (B,S) - Chongqing (CHN) 2015","[{'category': 'BOULDER Men', 'results_url': '/api/v1/events/900/result/3'}, {'category': 'BOULDER Women', 'results_url': '/api/v1/events/900/result/7'}, {'category': 'SPEED Men', 'results_url': '/api/v1/events/900/result/2'}, {'category': 'SPEED Women', 'results_url': '/api/v1/events/900/result/6'}]"
986,"IFSC Climbing Worldcup (B,S) - Chongqing (CHN) 2017","[{'category': 'BOULDER Men', 'results_url': '/api/v1/events/986/result/3'}, {'category': 'BOULDER Women', 'results_url': '/api/v1/events/986/result/7'}, {'category': 'SPEED Men', 'results_url': '/api/v1/events/986/result/2'}, {'category': 'SPEED Women', 'results_url': '/api/v1/events/986/result/6'}]"
1049,"IFSC Climbing Worldcup (B,S) - Chongqing (CHN) 2018 ","[{'category': 'BOULDER Men', 'results_url': '/api/v1/events/1049/result/3'}, {'category': 'BOULDER Women', 'results_url': '/api/v1/events/1049/result/7'}, {'category': 'SPEED Men', 'results_url': '/api/v1/events/1049/result/2'}, {'category': 'SPEED Women', 'results_url': '/api/v1/events/1049/result/6'}]"
1114,"IFSC Climbing Worldcup (B,S) - Chongqing (CHN) 2019","[{'category': 'BOULDER Men', 'results_url': '/api/v1/events/1114/result/3'}, {'category': 'BOULDER Women', 'results_url': '/api/v1/events/1114/result/7'}, {'category': 'SPEED Men', 'results_url': '/api/v1/events/1114/result/2'}, {'category': 'SPEED Women', 'results_url': '/api/v1/events/1114/result/6'}]"
901,"IFSC Climbing Worldcup (B,S) - Haiyang (CHN) 2015","[{'category': 'BOULDER Men', 'results_url': '/api/v1/events/901/result/3'}, {'category': 'BOULDER Women', 'results_url': '/api/v1/events/901/result/7'}, {'category': 'SPEED Men', 'results_url': '/api/v1/events/901/result/2'}, {'category': 'SPEED Women', 'results_url': '/api/v1/events/901/result/6'}]"
665,"IFSC Climbing Worldcup (B,S) - Milano (ITA) 2011","[{'category': 'BOULDER Men', 'results_url': '/api/v1/events/665/result/3'}, {'category': 'BOULDER Women', 'results_url': '/api/v1/events/665/result/7'}, {'category': 'SPEED Men', 'results_url': '/api/v1/events/665/result/2'}, {'category': 'SPEED Women', 'results_url': '/api/v1/events/665/result/6'}]"
612,"IFSC Climbing Worldcup (B,S) - Moscow (RUS) 2010","[{'category': 'BOULDER Men', 'results_url': '/api/v1/events/612/result/3'}, {'category': 'BOULDER Women', 'results_url': '/api/v1/events/612/result/7'}, {'category': 'SPEED Men', 'results_url': '/api/v1/events/612/result/2'}, {'category': 'SPEED Women', 'results_url': '/api/v1/events/612/result/6'}]"
1048,"IFSC Climbing Worldcup (B,S) - Moscow (RUS) 2018 ","[{'category': 'BOULDER Men', 'results_url': '/api/v1/events/1048/result/3'}, {'category': 'BOULDER Women', 'results_url': '/api/v1/events/1048/result/7'}, {'category': 'SPEED Men', 'results_url': '/api/v1/events/1048/result/2'}, {'category': 'SPEED Women', 'results_url': '/api/v1/events/1048/result/6'}]"
1113,"IFSC Climbing Worldcup (B,S) - Moscow (RUS) 2019 ","[{'category': 'BOULDER Men', 'results_url': '/api/v1/events/1113/result/3'}, {'category': 'BOULDER Women', 'results_url': '/api/v1/events/1113/result/7'}, {'category': 'SPEED Men', 'results_url': '/api/v1/events/1113/result/2'}, {'category': 'SPEED Women', 'results_url': '/api/v1/events/1113/result/6'}]"
987,"IFSC Climbing Worldcup (B,S) - Nanjing (CHN) 2017","[{'category': 'BOULDER Men', 'results_url': '/api/v1/events/987/result/3'}, {'category': 'BOULDER Women', 'results_url': '/api/v1/events/987/result/7'}, {'category': 'SPEED Men', 'results_url': '/api/v1/events/987/result/2'}, {'category': 'SPEED Women', 'results_url': '/api/v1/events/987/result/6'}]"
1050,"IFSC Climbing Worldcup (B,S) - Tai'an (CHN) 2018 ","[{'category': 'BOULDER Men', 'results_url': '/api/v1/events/1050/result/3'}, {'category': 'BOULDER Women', 'results_url': '/api/v1/events/1050/result/7'}, {'category': 'SPEED Men', 'results_url': '/api/v1/events/1050/result/2'}, {'category': 'SPEED Women', 'results_url': '/api/v1/events/1050/result/6'}]"
1115,"IFSC Climbing Worldcup (B,S) - Wujiang (CHN) 2019","[{'category': 'BOULDER Men', 'results_url': '/api/v1/events/1115/result/3'}, {'category': 'BOULDER Women', 'results_url': '/api/v1/events/1115/result/7'}, {'category': 'SPEED Men', 'results_url': '/api/v1/events/1115/result/2'}, {'category': 'SPEED Women', 'results_url': '/api/v1/events/1115/result/6'}]"
855,"IFSC Climbing Worldcup (L, B, S) - Haiyang (CHN) 2014 ","[{'category': 'LEAD Men', 'results_url': '/api/v1/events/855/result/1'}, {'category': 'LEAD Women', 'results_url': '/api/v1/events/855/result/5'}, {'category': 'BOULDER Men', 'results_url': '/api/v1/events/855/result/3'}, {'category': 'BOULDER Women', 'results_url': '/api/v1/events/855/result/7'}, {'category': 'SPEED Men', 'results_url': '/api/v1/events/855/result/2'}, {'category': 'SPEED Women', 'results_url': '/api/v1/events/855/result/6'}]"
949,"IFSC Climbing Worldcup (L, S) - Arco (ITA) 2016","[{'category': 'LEAD Men', 'results_url': '/api/v1/events/949/result/1'}, {'category': 'LEAD Women', 'results_url': '/api/v1/events/949/result/5'}, {'category': 'SPEED Men', 'results_url': '/api/v1/events/949/result/2'}, {'category': 'SPEED Women', 'results_url': '/api/v1/events/949/result/6'}]"
1119,"IFSC Climbing Worldcup (L, S) - Chamonix (FRA) 2019 ","[{'category': 'LEAD Men', 'results_url': '/api/v1/events/1119/result/1'}, {'category': 'LEAD Women', 'results_url': '/api/v1/events/1119/result/5'}, {'category': 'SPEED Men', 'results_url': '/api/v1/events/1119/result/2'}, {'category': 'SPEED Women', 'results_url': '/api/v1/events/1119/result/6'}]"
621,"IFSC Climbing Worldcup (L, S) - Huaiji (CHN) 2010","[{'category': 'LEAD Men', 'results_url': '/api/v1/events/621/result/1'}, {'category': 'LEAD Women', 'results_url': '/api/v1/events/621/result/5'}, {'category': 'SPEED Men', 'results_url': '/api/v1/events/621/result/2'}, {'category': 'SPEED Women', 'results_url': '/api/v1/events/621/result/6'}]"
945,"IFSC Climbing Worldcup (L, S) - Villars (SUI) 2016","[{'category': 'LEAD Men', 'results_url': '/api/v1/events/945/result/1'}, {'category': 'LEAD Women', 'results_url': '/api/v1/events/945/result/5'}, {'category': 'SPEED Men', 'results_url': '/api/v1/events/945/result/2'}, {'category': 'SPEED Women', 'results_url': '/api/v1/events/945/result/6'}]"
1118,"IFSC Climbing Worldcup (L, S) - Villars (SUI) 2019","[{'category': 'LEAD Men', 'results_url': '/api/v1/events/1118/result/1'}, {'category': 'LEAD Women', 'results_url': '/api/v1/events/1118/result/5'}, {'category': 'SPEED Men', 'results_url': '/api/v1/events/1118/result/2'}, {'category': 'SPEED Women', 'results_url': '/api/v1/events/1118/result/6'}]"
1163,"IFSC Climbing Worldcup (L, S) - Xiamen (CHN) 2016","[{'category': 'LEAD Men', 'results_url': '/api/v1/events/1163/result/1'}, {'category': 'LEAD Women', 'results_url': '/api/v1/events/1163/result/5'}, {'category': 'SPEED Men', 'results_url': '/api/v1/events/1163/result/2'}, {'category': 'SPEED Women', 'results_url': '/api/v1/events/1163/result/6'}]"
1124,"IFSC Climbing Worldcup (L, S) - Xiamen (CHN) 2019 ","[{'category': 'LEAD Men', 'results_url': '/api/v1/events/1124/result/1'}, {'category': 'LEAD Women', 'results_url': '/api/v1/events/1124/result/5'}, {'category': 'SPEED Men', 'results_url': '/api/v1/events/1124/result/2'}, {'category': 'SPEED Women', 'results_url': '/api/v1/events/1124/result/6'}]"
618,"IFSC Climbing Worldcup (L, S) - Xining (CHN) 2010","[{'category': 'LEAD Men', 'results_url': '/api/v1/events/618/result/1'}, {'category': 'LEAD Women', 'results_url': '/api/v1/events/618/result/5'}, {'category': 'SPEED Men', 'results_url': '/api/v1/events/618/result/2'}, {'category': 'SPEED Women', 'results_url': '/api/v1/events/618/result/6'}]"
993,"IFSC Climbing Worldcup (L,S) - Arco (ITA) 2017 ","[{'category': 'LEAD Men', 'results_url': '/api/v1/events/993/result/1'}, {'category': 'LEAD Women', 'results_url': '/api/v1/events/993/result/5'}, {'category': 'SPEED Men', 'results_url': '/api/v1/events/993/result/2'}, {'category': 'SPEED Women', 'results_url': '/api/v1/events/993/result/6'}]"
1056,"IFSC Climbing Worldcup (L,S) - Arco (ITA) 2018 ","[{'category': 'LEAD Men', 'results_url': '/api/v1/events/1056/result/1'}, {'category': 'LEAD Women', 'results_url': '/api/v1/events/1056/result/5'}, {'category': 'SPEED Men', 'results_url': '/api/v1/events/1056/result/2'}, {'category': 'SPEED Women', 'results_url': '/api/v1/events/1056/result/6'}]"
615,"IFSC Climbing Worldcup (L,S) - Chamonix (FRA) 2010","[{'category': 'LEAD Men', 'results_url': '/api/v1/events/615/result/1'}, {'category': 'LEAD Women', 'results_url': '/api/v1/events/615/result/5'}, {'category': 'SPEED Men', 'results_url': '/api/v1/events/615/result/2'}, {'category': 'SPEED Women', 'results_url': '/api/v1/events/615/result/6'}]"
674,"IFSC Climbing Worldcup (L,S) - Chamonix (FRA) 2011","[{'category': 'LEAD Men', 'results_url': '/api/v1/events/674/result/1'}, {'category': 'LEAD Women', 'results_url': '/api/v1/events/674/result/5'}, {'category': 'SPEED Men', 'results_url': '/api/v1/events/674/result/2'}, {'category': 'SPEED Women', 'results_url': '/api/v1/events/674/result/6'}]"
732,"IFSC Climbing Worldcup (L,S) - Chamonix (FRA) 2012","[{'category': 'LEAD Men', 'results_url': '/api/v1/events/732/result/1'}, {'category': 'LEAD Women', 'results_url': '/api/v1/events/732/result/5'}, {'category': 'SPEED Men', 'results_url': '/api/v1/events/732/result/2'}, {'category': 'SPEED Women', 'results_url': '/api/v1/events/732/result/6'}]"
857,"IFSC Climbing Worldcup (L,S) - Chamonix (FRA) 2014","[{'category': 'LEAD Men', 'results_url': '/api/v1/events/857/result/1'}, {'category': 'LEAD Women', 'results_url': '/api/v1/events/857/result/5'}, {'category': 'SPEED Men', 'results_url': '/api/v1/events/857/result/2'}, {'category': 'SPEED Women', 'results_url': '/api/v1/events/857/result/6'}]"
902,"IFSC Climbing Worldcup (L,S) - Chamonix (FRA) 2015","[{'category': 'LEAD Men', 'results_url': '/api/v1/events/902/result/1'}, {'category': 'LEAD Women', 'results_url': '/api/v1/events/902/result/5'}, {'category': 'SPEED Men', 'results_url': '/api/v1/events/902/result/2'}, {'category': 'SPEED Women', 'results_url': '/api/v1/events/902/result/6'}]"
1054,"IFSC Climbing Worldcup (L,S) - Chamonix (FRA) 2018 ","[{'category': 'LEAD Men', 'results_url': '/api/v1/events/1054/result/1'}, {'category': 'LEAD Women', 'results_url': '/api/v1/events/1054/result/5'}, {'category': 'SPEED Men', 'results_url': '/api/v1/events/1054/result/2'}, {'category': 'SPEED Women', 'results_url': '/api/v1/events/1054/result/6'}]"
682,"IFSC Climbing Worldcup (L,S) - Changzhi (CHN) 2011","[{'category': 'LEAD Men', 'results_url': '/api/v1/events/682/result/1'}, {'category': 'LEAD Women', 'results_url': '/api/v1/events/682/result/5'}, {'category': 'SPEED Men', 'results_url': '/api/v1/events/682/result/2'}, {'category': 'SPEED Women', 'results_url': '/api/v1/events/682/result/6'}]"
619,"IFSC Climbing Worldcup (L,S) - Chuncheon (KOR) 2010","[{'category': 'LEAD Men', 'results_url': '/api/v1/events/619/result/1'}, {'category': 'LEAD Women', 'results_url': '/api/v1/events/619/result/5'}, {'category': 'SPEED Men', 'results_url': '/api/v1/events/619/result/2'}, {'category': 'SPEED Women', 'results_url': '/api/v1/events/619/result/6'}]"
994,"IFSC Climbing Worldcup (L,S) - Edinburgh (GBR) 2017","[{'category': 'LEAD Men', 'results_url': '/api/v1/events/994/result/1'}, {'category': 'LEAD Women', 'results_url': '/api/v1/events/994/result/5'}, {'category': 'SPEED Men', 'results_url': '/api/v1/events/994/result/2'}, {'category': 'SPEED Women', 'results_url': '/api/v1/events/994/result/6'}]"
744,"IFSC Climbing Worldcup (L,S) - Mokpo (KOR) 2012 ","[{'category': 'LEAD Men', 'results_url': '/api/v1/events/744/result/1'}, {'category': 'LEAD Women', 'results_url': '/api/v1/events/744/result/5'}, {'category': 'SPEED Men', 'results_url': '/api/v1/events/744/result/2'}, {'category': 'SPEED Women', 'results_url': '/api/v1/events/744/result/6'}]"
803,"IFSC Climbing Worldcup (L,S) - Mokpo (KOR) 2013","[{'category': 'LEAD Men', 'results_url': '/api/v1/events/803/result/1'}, {'category': 'LEAD Women', 'results_url': '/api/v1/events/803/result/5'}, {'category': 'SPEED Men', 'results_url': '/api/v1/events/803/result/2'}, {'category': 'SPEED Women', 'results_url': '/api/v1/events/803/result/6'}]"
863,"IFSC Climbing Worldcup (L,S) - Mokpo (KOR) 2014 ","[{'category': 'LEAD Men', 'results_url': '/api/v1/events/863/result/1'}, {'category': 'LEAD Women', 'results_url': '/api/v1/events/863/result/5'}, {'category': 'SPEED Men', 'results_url': '/api/v1/events/863/result/2'}, {'category': 'SPEED Women', 'results_url': '/api/v1/events/863/result/6'}]"
802,"IFSC Climbing Worldcup (L,S) - Perm (RUS) 2013","[{'category': 'LEAD Men', 'results_url': '/api/v1/events/802/result/1'}, {'category': 'LEAD Women', 'results_url': '/api/v1/events/802/result/5'}, {'category': 'SPEED Men', 'results_url': '/api/v1/events/802/result/2'}, {'category': 'SPEED Women', 'results_url': '/api/v1/events/802/result/6'}]"
991,"IFSC Climbing Worldcup (L,S) - Villars (SUI) 2017","[{'category': 'LEAD Men', 'results_url': '/api/v1/events/991/result/1'}, {'category': 'LEAD Women', 'results_url': '/api/v1/events/991/result/5'}, {'category': 'SPEED Men', 'results_url': '/api/v1/events/991/result/2'}, {'category': 'SPEED Women', 'results_url': '/api/v1/events/991/result/6'}]"
1053,"IFSC Climbing Worldcup (L,S) - Villars (SUI) 2018 ","[{'category': 'LEAD Men', 'results_url': '/api/v1/events/1053/result/1'}, {'category': 'LEAD Women', 'results_url': '/api/v1/events/1053/result/5'}, {'category': 'SPEED Men', 'results_url': '/api/v1/events/1053/result/2'}, {'category': 'SPEED Women', 'results_url': '/api/v1/events/1053/result/6'}]"
805,"IFSC Climbing Worldcup (L,S) - Wujiang (CHN) 2013","[{'category': 'LEAD Men', 'results_url': '/api/v1/events/805/result/1'}, {'category': 'LEAD Women', 'results_url': '/api/v1/events/805/result/5'}, {'category': 'SPEED Men', 'results_url': '/api/v1/events/805/result/2'}, {'category': 'SPEED Women', 'results_url': '/api/v1/events/805/result/6'}]"
864,"IFSC Climbing Worldcup (L,S) - Wujiang (CHN) 2014 ","[{'category': 'LEAD Men', 'results_url': '/api/v1/events/864/result/1'}, {'category': 'LEAD Women', 'results_url': '/api/v1/events/864/result/5'}, {'category': 'SPEED Men', 'results_url': '/api/v1/events/864/result/2'}, {'category': 'SPEED Women', 'results_url': '/api/v1/events/864/result/6'}]"
908,"IFSC Climbing Worldcup (L,S) - Wujiang (CHN) 2015","[{'category': 'LEAD Men', 'results_url': '/api/v1/events/908/result/1'}, {'category': 'LEAD Women', 'results_url': '/api/v1/events/908/result/5'}, {'category': 'SPEED Men', 'results_url': '/api/v1/events/908/result/2'}, {'category': 'SPEED Women', 'results_url': '/api/v1/events/908/result/6'}]"
995,"IFSC Climbing Worldcup (L,S) - Wujiang (CHN) 2017","[{'category': 'LEAD Men', 'results_url': '/api/v1/events/995/result/1'}, {'category': 'LEAD Women', 'results_url': '/api/v1/events/995/result/5'}, {'category': 'SPEED Men', 'results_url': '/api/v1/events/995/result/2'}, {'category': 'SPEED Women', 'results_url': '/api/v1/events/995/result/6'}]"
1059,"IFSC Climbing Worldcup (L,S) - Wujiang (CHN) 2018 ","[{'category': 'LEAD Men', 'results_url': '/api/v1/events/1059/result/1'}, {'category': 'LEAD Women', 'results_url': '/api/v1/events/1059/result/5'}, {'category': 'SPEED Men', 'results_url': '/api/v1/events/1059/result/2'}, {'category': 'SPEED Women', 'results_url': '/api/v1/events/1059/result/6'}]"
996,"IFSC Climbing Worldcup (L,S) - Xiamen (CHN) 2017","[{'category': 'LEAD Men', 'results_url': '/api/v1/events/996/result/1'}, {'category': 'LEAD Women', 'results_url': '/api/v1/events/996/result/5'}, {'category': 'SPEED Men', 'results_url': '/api/v1/events/996/result/2'}, {'category': 'SPEED Women', 'results_url': '/api/v1/events/996/result/6'}]"
1060,"IFSC Climbing Worldcup (L,S) - Xiamen (CHN) 2018 ","[{'category': 'LEAD Men', 'results_url': '/api/v1/events/1060/result/1'}, {'category': 'LEAD Women', 'results_url': '/api/v1/events/1060/result/5'}, {'category': 'SPEED Men', 'results_url': '/api/v1/events/1060/result/2'}, {'category': 'SPEED Women', 'results_url': '/api/v1/events/1060/result/6'}]"
681,"IFSC Climbing Worldcup (L,S) - Xining (CHN) 2011","[{'category': 'LEAD Men', 'results_url': '/api/v1/events/681/result/1'}, {'category': 'LEAD Women', 'results_url': '/api/v1/events/681/result/5'}, {'category': 'SPEED Men', 'results_url': '/api/v1/events/681/result/2'}, {'category': 'SPEED Women', 'results_url': '/api/v1/events/681/result/6'}]"
743,"IFSC Climbing Worldcup (L,S) - Xining (CHN) 2012","[{'category': 'LEAD Men', 'results_url': '/api/v1/events/743/result/1'}, {'category': 'LEAD Women', 'results_url': '/api/v1/events/743/result/5'}, {'category': 'SPEED Men', 'results_url': '/api/v1/events/743/result/2'}, {'category': 'SPEED Women', 'results_url': '/api/v1/events/743/result/6'}]"
944,"IFSC Climbing Worldcup (L,S) -Chamonix (FRA) 2016","[{'category': 'LEAD Men', 'results_url': '/api/v1/events/944/result/1'}, {'category': 'LEAD Women', 'results_url': '/api/v1/events/944/result/5'}, {'category': 'SPEED Men', 'results_url': '/api/v1/events/944/result/2'}, {'category': 'SPEED Women', 'results_url': '/api/v1/events/944/result/6'}]"
569,"IFSC Climbing Worldcup (S, L) - Chamonix (FRA) 2009","[{'category': 'LEAD Men', 'results_url': '/api/v1/events/569/result/1'}, {'category': 'LEAD Women', 'results_url': '/api/v1/events/569/result/5'}, {'category': 'SPEED Men', 'results_url': '/api/v1/events/569/result/2'}, {'category': 'SPEED Women', 'results_url': '/api/v1/events/569/result/6'}]"
860,IFSC Climbing World Championship (B) - Munich (GER) 2014,"[{'category': 'BOULDER Men', 'results_url': '/api/v1/events/860/result/3'}, {'category': 'BOULDER Women', 'results_url': '/api/v1/events/860/result/7'}]"
481,IFSC Climbing World Championship (L + B + S) - Aviles (ESP) 2007,"[{'category': 'LEAD Men', 'results_url': '/api/v1/events/481/result/1'}, {'category': 'LEAD Women', 'results_url': '/api/v1/events/481/result/5'}, {'category': 'BOULDER Men', 'results_url': '/api/v1/events/481/result/3'}, {'category': 'BOULDER Women', 'results_url': '/api/v1/events/481/result/7'}, {'category': 'SPEED Men', 'results_url': '/api/v1/events/481/result/2'}, {'category': 'SPEED Women', 'results_url': '/api/v1/events/481/result/6'}]"
738,IFSC Climbing World Championship - Paris (FRA) 2012,"[{'category': 'LEAD Men', 'results_url': '/api/v1/events/738/result/1'}, {'category': 'LEAD Women', 'results_url': '/api/v1/events/738/result/5'}, {'category': 'BOULDER Men', 'results_url': '/api/v1/events/738/result/3'}, {'category': 'BOULDER Women', 'results_url': '/api/v1/events/738/result/7'}, {'category': 'SPEED Men', 'results_url': '/api/v1/events/738/result/2'}, {'category': 'SPEED Women', 'results_url': '/api/v1/events/738/result/6'}]"
675,IFSC Climbing World Championships  - Arco (ITA) 2011,"[{'category': 'LEAD Men', 'results_url': '/api/v1/events/675/result/1'}, {'category': 'LEAD Women', 'results_url': '/api/v1/events/675/result/5'}, {'category': 'BOULDER Men', 'results_url': '/api/v1/events/675/result/3'}, {'category': 'BOULDER Women', 'results_url': '/api/v1/events/675/result/7'}, {'category': 'SPEED Men', 'results_url': '/api/v1/events/675/result/2'}, {'category': 'SPEED Women', 'results_url': '/api/v1/events/675/result/6'}, {'category': 'COMBINED Men', 'results_url': '/api/v1/events/675/result/4'}, {'category': 'COMBINED Women', 'results_url': '/api/v1/events/675/result/8'}]"
567,IFSC Climbing World Championships  - Qinghai (CHN) 2009 - 15m Speed,"[{'category': 'SPEED Men', 'results_url': '/api/v1/events/567/result/2'}, {'category': 'SPEED Women', 'results_url': '/api/v1/events/567/result/6'}]"
568,IFSC Climbing World Championships  - Qinghai (CHN) 2009,"[{'category': 'LEAD Men', 'results_url': '/api/v1/events/568/result/1'}, {'category': 'LEAD Women', 'results_url': '/api/v1/events/568/result/5'}, {'category': 'BOULDER Men', 'results_url': '/api/v1/events/568/result/3'}, {'category': 'BOULDER Women', 'results_url': '/api/v1/events/568/result/7'}, {'category': 'SPEED Men', 'results_url': '/api/v1/events/568/result/2'}, {'category': 'SPEED Women', 'results_url': '/api/v1/events/568/result/6'}, {'category': 'COMBINED Men', 'results_url': '/api/v1/events/568/result/4'}, {'category': 'COMBINED Women', 'results_url': '/api/v1/events/568/result/8'}]"
1121,IFSC Climbing World Championships - Hachioji (JPN) 2019,"[{'category': 'LEAD Men', 'results_url': '/api/v1/events/1121/result/1'}, {'category': 'LEAD Women', 'results_url': '/api/v1/events/1121/result/5'}, {'category': 'BOULDER Men', 'results_url': '/api/v1/events/1121/result/3'}, {'category': 'BOULDER Women', 'results_url': '/api/v1/events/1121/result/7'}, {'category': 'SPEED Men', 'results_url': '/api/v1/events/1121/result/2'}, {'category': 'SPEED Women', 'results_url': '/api/v1/events/1121/result/6'}, {'category': 'COMBINED Men', 'results_url': '/api/v1/events/1121/result/4'}, {'category': 'COMBINED Women', 'results_url': '/api/v1/events/1121/result/8'}]"
1061,IFSC Climbing World Championships - Innsbruck (AUT) 2018,"[{'category': 'LEAD Men', 'results_url': '/api/v1/events/1061/result/1'}, {'category': 'LEAD Women', 'results_url': '/api/v1/events/1061/result/5'}, {'category': 'BOULDER Men', 'results_url': '/api/v1/events/1061/result/3'}, {'category': 'BOULDER Women', 'results_url': '/api/v1/events/1061/result/7'}, {'category': 'SPEED Men', 'results_url': '/api/v1/events/1061/result/2'}, {'category': 'SPEED Women', 'results_url': '/api/v1/events/1061/result/6'}, {'category': 'COMBINED Men', 'results_url': '/api/v1/events/1061/result/4'}, {'category': 'COMBINED Women', 'results_url': '/api/v1/events/1061/result/8'}]"
950,IFSC Climbing World Championships - Paris (FRA) 2016,"[{'category': 'LEAD Men', 'results_url': '/api/v1/events/950/result/1'}, {'category': 'LEAD Women', 'results_url': '/api/v1/events/950/result/5'}, {'category': 'BOULDER Men', 'results_url': '/api/v1/events/950/result/3'}, {'category': 'BOULDER Women', 'results_url': '/api/v1/events/950/result/7'}, {'category': 'SPEED Men', 'results_url': '/api/v1/events/950/result/2'}, {'category': 'SPEED Women', 'results_url': '/api/v1/events/950/result/6'}]"
1122,IFSC Climbing World Championships Combined - Hachioji (JPN) 2019,"[{'category': 'COMBINED Men', 'results_url': '/api/v1/events/1122/result/4'}, {'category': 'COMBINED Women', 'results_url': '/api/v1/events/1122/result/8'}]"
1062,IFSC Climbing World Championships Combined - Innsbruck (AUT) 2018,"[{'category': 'COMBINED Men', 'results_url': '/api/v1/events/1062/result/4'}, {'category': 'COMBINED Women', 'results_url': '/api/v1/events/1062/result/8'}]"
672,IFSC Climbing Worldcup (B) - Barcelona (ESP) 2011,"[{'category': 'BOULDER Men', 'results_url': '/api/v1/events/672/result/3'}, {'category': 'BOULDER Women', 'results_url': '/api/v1/events/672/result/7'}]"
485,IFSC Climbing Worldcup (B) - Brno (CZE) 2007,"[{'category': 'BOULDER Men', 'results_url': '/api/v1/events/485/result/3'}, {'category': 'BOULDER Women', 'results_url': '/api/v1/events/485/result/7'}]"
669,IFSC Climbing Worldcup (B) - Canmore (CAN) 2011,"[{'category': 'BOULDER Men', 'results_url': '/api/v1/events/669/result/3'}, {'category': 'BOULDER Women', 'results_url': '/api/v1/events/669/result/7'}]"
566,IFSC Climbing Worldcup (B) - Eindhoven (NED) 2009,"[{'category': 'BOULDER Men', 'results_url': '/api/v1/events/566/result/3'}, {'category': 'BOULDER Women', 'results_url': '/api/v1/events/566/result/7'}]"
613,IFSC Climbing Worldcup (B) - Eindhoven (NED) 2010,"[{'category': 'BOULDER Men', 'results_url': '/api/v1/events/613/result/3'}, {'category': 'BOULDER Women', 'results_url': '/api/v1/events/613/result/7'}]"
671,IFSC Climbing Worldcup (B) - Eindhoven (NED) 2011,"[{'category': 'BOULDER Men', 'results_url': '/api/v1/events/671/result/3'}, {'category': 'BOULDER Women', 'results_url': '/api/v1/events/671/result/7'}]"
468,IFSC Climbing Worldcup (B) - Erlangen (GER) 2007,"[{'category': 'BOULDER Men', 'results_url': '/api/v1/events/468/result/3'}, {'category': 'BOULDER Women', 'results_url': '/api/v1/events/468/result/7'}]"
477,IFSC Climbing Worldcup (B) - Fiera di Primiero (ITA) 2007,"[{'category': 'BOULDER Men', 'results_url': '/api/v1/events/477/result/3'}, {'category': 'BOULDER Women', 'results_url': '/api/v1/events/477/result/7'}]"
517,IFSC Climbing Worldcup (B) - Fiera di Primiero (ITA) 2008,"[{'category': 'BOULDER Men', 'results_url': '/api/v1/events/517/result/3'}, {'category': 'BOULDER Women', 'results_url': '/api/v1/events/517/result/7'}]"
609,IFSC Climbing Worldcup (B) - Greifensee (SUI) 2010,"[{'category': 'BOULDER Men', 'results_url': '/api/v1/events/609/result/3'}, {'category': 'BOULDER Women', 'results_url': '/api/v1/events/609/result/7'}]"
475,IFSC Climbing Worldcup (B) - Grindelwald (SUI) 2007,"[{'category': 'BOULDER Men', 'results_url': '/api/v1/events/475/result/3'}, {'category': 'BOULDER Women', 'results_url': '/api/v1/events/475/result/7'}]"
515,IFSC Climbing Worldcup (B) - Grindelwald (SUI) 2008,"[{'category': 'BOULDER Men', 'results_url': '/api/v1/events/515/result/3'}, {'category': 'BOULDER Women', 'results_url': '/api/v1/events/515/result/7'}]"
851,IFSC Climbing Worldcup (B) - Grindelwald (SUI) 2014 ,"[{'category': 'BOULDER Men', 'results_url': '/api/v1/events/851/result/3'}, {'category': 'BOULDER Women', 'results_url': '/api/v1/events/851/result/7'}]"
1051,IFSC Climbing Worldcup (B) - Hachioji (JPN) 2018 ,"[{'category': 'BOULDER Men', 'results_url': '/api/v1/events/1051/result/3'}, {'category': 'BOULDER Women', 'results_url': '/api/v1/events/1051/result/7'}]"
471,IFSC Climbing Worldcup (B) - Hall (AUT) 2007,"[{'category': 'BOULDER Men', 'results_url': '/api/v1/events/471/result/3'}, {'category': 'BOULDER Women', 'results_url': '/api/v1/events/471/result/7'}]"
512,IFSC Climbing Worldcup (B) - Hall (AUT) 2008,"[{'category': 'BOULDER Men', 'results_url': '/api/v1/events/512/result/3'}, {'category': 'BOULDER Women', 'results_url': '/api/v1/events/512/result/7'}]"
563,IFSC Climbing Worldcup (B) - Hall (AUT) 2009,"[{'category': 'BOULDER Men', 'results_url': '/api/v1/events/563/result/3'}, {'category': 'BOULDER Women', 'results_url': '/api/v1/events/563/result/7'}]"
730,IFSC Climbing Worldcup (B) - Innsbruck (AUT) 2012,"[{'category': 'BOULDER Men', 'results_url': '/api/v1/events/730/result/3'}, {'category': 'BOULDER Women', 'results_url': '/api/v1/events/730/result/7'}]"
793,IFSC Climbing Worldcup (B) - Innsbruck (AUT) 2013,"[{'category': 'BOULDER Men', 'results_url': '/api/v1/events/793/result/3'}, {'category': 'BOULDER Women', 'results_url': '/api/v1/events/793/result/7'}]"
852,IFSC Climbing Worldcup (B) - Innsbruck (AUT) 2014 ,"[{'category': 'BOULDER Men', 'results_url': '/api/v1/events/852/result/3'}, {'category': 'BOULDER Women', 'results_url': '/api/v1/events/852/result/7'}]"
942,IFSC Climbing Worldcup (B) - Innsbruck (AUT) 2016,"[{'category': 'BOULDER Men', 'results_url': '/api/v1/events/942/result/3'}, {'category': 'BOULDER Women', 'results_url': '/api/v1/events/942/result/7'}]"
560,IFSC Climbing Worldcup (B) - Kazo (JPN) 2009,"[{'category': 'BOULDER Men', 'results_url': '/api/v1/events/560/result/3'}, {'category': 'BOULDER Women', 'results_url': '/api/v1/events/560/result/7'}]"
938,IFSC Climbing Worldcup (B) - Kazo (JPN) 2016,"[{'category': 'BOULDER Men', 'results_url': '/api/v1/events/938/result/3'}, {'category': 'BOULDER Women', 'results_url': '/api/v1/events/938/result/7'}]"
791,IFSC Climbing Worldcup (B) - Kitzbühel (AUT) 2013,"[{'category': 'BOULDER Men', 'results_url': '/api/v1/events/791/result/3'}, {'category': 'BOULDER Women', 'results_url': '/api/v1/events/791/result/7'}]"
473,IFSC Climbing Worldcup (B) - La Reunion (FRA) 2007,"[{'category': 'BOULDER Men', 'results_url': '/api/v1/events/473/result/3'}, {'category': 'BOULDER Women', 'results_url': '/api/v1/events/473/result/7'}]"
856,IFSC Climbing Worldcup (B) - Laval (FRA) 2014,"[{'category': 'BOULDER Men', 'results_url': '/api/v1/events/856/result/3'}, {'category': 'BOULDER Women', 'results_url': '/api/v1/events/856/result/7'}]"
667,IFSC Climbing Worldcup (B) - Log-Dragomer (SLO) 2011,"[{'category': 'BOULDER Men', 'results_url': '/api/v1/events/667/result/3'}, {'category': 'BOULDER Women', 'results_url': '/api/v1/events/667/result/7'}]"
728,IFSC Climbing Worldcup (B) - Log-Dragomer (SLO) 2012,"[{'category': 'BOULDER Men', 'results_url': '/api/v1/events/728/result/3'}, {'category': 'BOULDER Women', 'results_url': '/api/v1/events/728/result/7'}]"
792,IFSC Climbing Worldcup (B) - Log-Dragomer (SLO) 2013,"[{'category': 'BOULDER Men', 'results_url': '/api/v1/events/792/result/3'}, {'category': 'BOULDER Women', 'results_url': '/api/v1/events/792/result/7'}]"
937,IFSC Climbing Worldcup (B) - Meiringen (SUI) 2016,"[{'category': 'BOULDER Men', 'results_url': '/api/v1/events/937/result/3'}, {'category': 'BOULDER Women', 'results_url': '/api/v1/events/937/result/7'}]"
985,IFSC Climbing Worldcup (B) - Meiringen (SUI) 2017 ,"[{'category': 'BOULDER Men', 'results_url': '/api/v1/events/985/result/3'}, {'category': 'BOULDER Women', 'results_url': '/api/v1/events/985/result/7'}]"
1047,IFSC Climbing Worldcup (B) - Meiringen (SUI) 2018 ,"[{'category': 'BOULDER Men', 'results_url': '/api/v1/events/1047/result/3'}, {'category': 'BOULDER Women', 'results_url': '/api/v1/events/1047/result/7'}]"
1112,IFSC Climbing Worldcup (B) - Meiringen (SUI) 2019 ,"[{'category': 'BOULDER Men', 'results_url': '/api/v1/events/1112/result/3'}, {'category': 'BOULDER Women', 'results_url': '/api/v1/events/1112/result/7'}]"
790,IFSC Climbing Worldcup (B) - Millau (FRA) 2013,"[{'category': 'BOULDER Men', 'results_url': '/api/v1/events/790/result/3'}, {'category': 'BOULDER Women', 'results_url': '/api/v1/events/790/result/7'}]"
519,IFSC Climbing Worldcup (B) - Montauban (FRA) 2008,"[{'category': 'BOULDER Men', 'results_url': '/api/v1/events/519/result/3'}, {'category': 'BOULDER Women', 'results_url': '/api/v1/events/519/result/7'}]"
617,IFSC Climbing Worldcup (B) - Munich (GER) 2010,"[{'category': 'BOULDER Men', 'results_url': '/api/v1/events/617/result/3'}, {'category': 'BOULDER Women', 'results_url': '/api/v1/events/617/result/7'}]"
680,IFSC Climbing Worldcup (B) - Munich (GER) 2011 ,"[{'category': 'BOULDER Men', 'results_url': '/api/v1/events/680/result/3'}, {'category': 'BOULDER Women', 'results_url': '/api/v1/events/680/result/7'}]"
736,IFSC Climbing Worldcup (B) - Munich (GER) 2012,"[{'category': 'BOULDER Men', 'results_url': '/api/v1/events/736/result/3'}, {'category': 'BOULDER Women', 'results_url': '/api/v1/events/736/result/7'}]"
799,IFSC Climbing Worldcup (B) - Munich (GER) 2013,"[{'category': 'BOULDER Men', 'results_url': '/api/v1/events/799/result/3'}, {'category': 'BOULDER Women', 'results_url': '/api/v1/events/799/result/7'}]"
905,IFSC Climbing Worldcup (B) - Munich (GER) 2015,"[{'category': 'BOULDER Men', 'results_url': '/api/v1/events/905/result/3'}, {'category': 'BOULDER Women', 'results_url': '/api/v1/events/905/result/7'}]"
947,IFSC Climbing Worldcup (B) - Munich (GER) 2016,"[{'category': 'BOULDER Men', 'results_url': '/api/v1/events/947/result/3'}, {'category': 'BOULDER Women', 'results_url': '/api/v1/events/947/result/7'}]"
992,IFSC Climbing Worldcup (B) - Munich (GER) 2017 ,"[{'category': 'BOULDER Men', 'results_url': '/api/v1/events/992/result/3'}, {'category': 'BOULDER Women', 'results_url': '/api/v1/events/992/result/7'}]"
1057,IFSC Climbing Worldcup (B) - Munich (GER) 2018 ,"[{'category': 'BOULDER Men', 'results_url': '/api/v1/events/1057/result/3'}, {'category': 'BOULDER Women', 'results_url': '/api/v1/events/1057/result/7'}]"
1116,IFSC Climbing Worldcup (B) - Munich (GER) 2019,"[{'category': 'BOULDER Men', 'results_url': '/api/v1/events/1116/result/3'}, {'category': 'BOULDER Women', 'results_url': '/api/v1/events/1116/result/7'}]"
941,IFSC Climbing Worldcup (B) - Navi Mumbai (IND) 2016,"[{'category': 'BOULDER Men', 'results_url': '/api/v1/events/941/result/3'}, {'category': 'BOULDER Women', 'results_url': '/api/v1/events/941/result/7'}]"
990,IFSC Climbing Worldcup (B) - Navi Mumbai (IND) 2017,"[{'category': 'BOULDER Men', 'results_url': '/api/v1/events/990/result/3'}, {'category': 'BOULDER Women', 'results_url': '/api/v1/events/990/result/7'}]"
514,IFSC Climbing Worldcup (B) - Reunion (FRA) 2008,"[{'category': 'BOULDER Men', 'results_url': '/api/v1/events/514/result/3'}, {'category': 'BOULDER Women', 'results_url': '/api/v1/events/514/result/7'}]"
614,IFSC Climbing Worldcup (B) - Sheffield (GBR) 2010,"[{'category': 'BOULDER Men', 'results_url': '/api/v1/events/614/result/3'}, {'category': 'BOULDER Women', 'results_url': '/api/v1/events/614/result/7'}]"
673,IFSC Climbing Worldcup (B) - Sheffield (GBR) 2011,"[{'category': 'BOULDER Men', 'results_url': '/api/v1/events/673/result/3'}, {'category': 'BOULDER Women', 'results_url': '/api/v1/events/673/result/7'}]"
470,IFSC Climbing Worldcup (B) - Sofia (BUL) 2007,"[{'category': 'BOULDER Men', 'results_url': '/api/v1/events/470/result/3'}, {'category': 'BOULDER Women', 'results_url': '/api/v1/events/470/result/7'}]"
794,IFSC Climbing Worldcup (B) - Toronto (CAN) 2013,"[{'category': 'BOULDER Men', 'results_url': '/api/v1/events/794/result/3'}, {'category': 'BOULDER Women', 'results_url': '/api/v1/events/794/result/7'}]"
853,IFSC Climbing Worldcup (B) - Toronto (CAN) 2014 ,"[{'category': 'BOULDER Men', 'results_url': '/api/v1/events/853/result/3'}, {'category': 'BOULDER Women', 'results_url': '/api/v1/events/853/result/7'}]"
898,IFSC Climbing Worldcup (B) - Toronto (CAN) 2015,"[{'category': 'BOULDER Men', 'results_url': '/api/v1/events/898/result/3'}, {'category': 'BOULDER Women', 'results_url': '/api/v1/events/898/result/7'}]"
516,IFSC Climbing Worldcup (B) - Vail (USA) 2008,"[{'category': 'BOULDER Men', 'results_url': '/api/v1/events/516/result/3'}, {'category': 'BOULDER Women', 'results_url': '/api/v1/events/516/result/7'}]"
565,IFSC Climbing Worldcup (B) - Vail (USA) 2009,"[{'category': 'BOULDER Men', 'results_url': '/api/v1/events/565/result/3'}, {'category': 'BOULDER Women', 'results_url': '/api/v1/events/565/result/7'}]"
611,IFSC Climbing Worldcup (B) - Vail (USA) 2010,"[{'category': 'BOULDER Men', 'results_url': '/api/v1/events/611/result/3'}, {'category': 'BOULDER Women', 'results_url': '/api/v1/events/611/result/7'}]"
670,IFSC Climbing Worldcup (B) - Vail (USA) 2011 ,"[{'category': 'BOULDER Men', 'results_url': '/api/v1/events/670/result/3'}, {'category': 'BOULDER Women', 'results_url': '/api/v1/events/670/result/7'}]"
731,IFSC Climbing Worldcup (B) - Vail (USA) 2012 ,"[{'category': 'BOULDER Men', 'results_url': '/api/v1/events/731/result/3'}, {'category': 'BOULDER Women', 'results_url': '/api/v1/events/731/result/7'}]"
795,IFSC Climbing Worldcup (B) - Vail (USA) 2013,"[{'category': 'BOULDER Men', 'results_url': '/api/v1/events/795/result/3'}, {'category': 'BOULDER Women', 'results_url': '/api/v1/events/795/result/7'}]"
854,IFSC Climbing Worldcup (B) - Vail (USA) 2014,"[{'category': 'BOULDER Men', 'results_url': '/api/v1/events/854/result/3'}, {'category': 'BOULDER Women', 'results_url': '/api/v1/events/854/result/7'}]"
899,IFSC Climbing Worldcup (B) - Vail (USA) 2015,"[{'category': 'BOULDER Men', 'results_url': '/api/v1/events/899/result/3'}, {'category': 'BOULDER Women', 'results_url': '/api/v1/events/899/result/7'}]"
943,IFSC Climbing Worldcup (B) - Vail (USA) 2016,"[{'category': 'BOULDER Men', 'results_url': '/api/v1/events/943/result/3'}, {'category': 'BOULDER Women', 'results_url': '/api/v1/events/943/result/7'}]"
989,IFSC Climbing Worldcup (B) - Vail (USA) 2017,"[{'category': 'BOULDER Men', 'results_url': '/api/v1/events/989/result/3'}, {'category': 'BOULDER Women', 'results_url': '/api/v1/events/989/result/7'}]"
1052,IFSC Climbing Worldcup (B) - Vail (USA) 2018 ,"[{'category': 'BOULDER Men', 'results_url': '/api/v1/events/1052/result/3'}, {'category': 'BOULDER Women', 'results_url': '/api/v1/events/1052/result/7'}]"
1117,IFSC Climbing Worldcup (B) - Vail (USA) 2019 ,"[{'category': 'BOULDER Men', 'results_url': '/api/v1/events/1117/result/3'}, {'category': 'BOULDER Women', 'results_url': '/api/v1/events/1117/result/7'}]"
668,IFSC Climbing Worldcup (B) - Vienna (AUT) 2011 ,"[{'category': 'BOULDER Men', 'results_url': '/api/v1/events/668/result/3'}, {'category': 'BOULDER Women', 'results_url': '/api/v1/events/668/result/7'}]"
729,IFSC Climbing Worldcup (B) - Vienna (AUT) 2012,"[{'category': 'BOULDER Men', 'results_url': '/api/v1/events/729/result/3'}, {'category': 'BOULDER Women', 'results_url': '/api/v1/events/729/result/7'}]"
564,IFSC Climbing Worldcup (B) - Wien (AUT) 2009,"[{'category': 'BOULDER Men', 'results_url': '/api/v1/events/564/result/3'}, {'category': 'BOULDER Women', 'results_url': '/api/v1/events/564/result/7'}]"
610,IFSC Climbing Worldcup (B) - Wien (AUT) 2010,"[{'category': 'BOULDER Men', 'results_url': '/api/v1/events/610/result/3'}, {'category': 'BOULDER Women', 'results_url': '/api/v1/events/610/result/7'}]"
685,IFSC Climbing Worldcup (L) - Amman (JOR) 2011 ,"[{'category': 'LEAD Men', 'results_url': '/api/v1/events/685/result/1'}, {'category': 'LEAD Women', 'results_url': '/api/v1/events/685/result/5'}]"
742,IFSC Climbing Worldcup (L) - Atlanta (USA) 2012 ,"[{'category': 'LEAD Men', 'results_url': '/api/v1/events/742/result/1'}, {'category': 'LEAD Women', 'results_url': '/api/v1/events/742/result/5'}]"
571,IFSC Climbing Worldcup (L) - Barcelona (ESP) 2009,"[{'category': 'LEAD Men', 'results_url': '/api/v1/events/571/result/1'}, {'category': 'LEAD Women', 'results_url': '/api/v1/events/571/result/5'}]"
688,IFSC Climbing Worldcup (L) - Barcelona (ESP) 2011,"[{'category': 'LEAD Men', 'results_url': '/api/v1/events/688/result/1'}, {'category': 'LEAD Women', 'results_url': '/api/v1/events/688/result/5'}]"
522,IFSC Climbing Worldcup (L) - Bern (SUI) 2008,"[{'category': 'LEAD Men', 'results_url': '/api/v1/events/522/result/1'}, {'category': 'LEAD Women', 'results_url': '/api/v1/events/522/result/5'}]"
684,IFSC Climbing Worldcup (L) - Boulder (USA) 2011,"[{'category': 'LEAD Men', 'results_url': '/api/v1/events/684/result/1'}, {'category': 'LEAD Women', 'results_url': '/api/v1/events/684/result/5'}]"
678,IFSC Climbing Worldcup (L) - Briançon (FRA) 2011,"[{'category': 'LEAD Men', 'results_url': '/api/v1/events/678/result/1'}, {'category': 'LEAD Women', 'results_url': '/api/v1/events/678/result/5'}]"
733,IFSC Climbing Worldcup (L) - Briançon (FRA) 2012,"[{'category': 'LEAD Men', 'results_url': '/api/v1/events/733/result/1'}, {'category': 'LEAD Women', 'results_url': '/api/v1/events/733/result/5'}]"
797,IFSC Climbing Worldcup (L) - Briançon (FRA) 2013,"[{'category': 'LEAD Men', 'results_url': '/api/v1/events/797/result/1'}, {'category': 'LEAD Women', 'results_url': '/api/v1/events/797/result/5'}]"
858,IFSC Climbing Worldcup (L) - Briançon (FRA) 2014,"[{'category': 'LEAD Men', 'results_url': '/api/v1/events/858/result/1'}, {'category': 'LEAD Women', 'results_url': '/api/v1/events/858/result/5'}]"
903,IFSC Climbing Worldcup (L) - Briançon (FRA) 2015,"[{'category': 'LEAD Men', 'results_url': '/api/v1/events/903/result/1'}, {'category': 'LEAD Women', 'results_url': '/api/v1/events/903/result/5'}]"
946,IFSC Climbing Worldcup (L) - Briançon (FRA) 2016,"[{'category': 'LEAD Men', 'results_url': '/api/v1/events/946/result/1'}, {'category': 'LEAD Women', 'results_url': '/api/v1/events/946/result/5'}]"
1165,IFSC Climbing Worldcup (L) - Briançon (FRA) 2017,"[{'category': 'LEAD Men', 'results_url': '/api/v1/events/1165/result/1'}, {'category': 'LEAD Women', 'results_url': '/api/v1/events/1165/result/5'}]"
1055,IFSC Climbing Worldcup (L) - Briançon (FRA) 2018 ,"[{'category': 'LEAD Men', 'results_url': '/api/v1/events/1055/result/1'}, {'category': 'LEAD Women', 'results_url': '/api/v1/events/1055/result/5'}]"
1120,IFSC Climbing Worldcup (L) - Briançon (FRA) 2019 ,"[{'category': 'LEAD Men', 'results_url': '/api/v1/events/1120/result/1'}, {'category': 'LEAD Women', 'results_url': '/api/v1/events/1120/result/5'}]"
574,IFSC Climbing Worldcup (L) - Brno (CZE) 2009,"[{'category': 'LEAD Men', 'results_url': '/api/v1/events/574/result/1'}, {'category': 'LEAD Women', 'results_url': '/api/v1/events/574/result/5'}]"
1164,IFSC Climbing Worldcup (L) - Chamonix (FRA) 2017,"[{'category': 'LEAD Men', 'results_url': '/api/v1/events/1164/result/1'}, {'category': 'LEAD Women', 'results_url': '/api/v1/events/1164/result/5'}]"
474,IFSC Climbing Worldcup (L) - Imst (AUT) 2007,"[{'category': 'LEAD Men', 'results_url': '/api/v1/events/474/result/1'}, {'category': 'LEAD Women', 'results_url': '/api/v1/events/474/result/5'}]"
523,IFSC Climbing Worldcup (L) - Imst (AUT) 2008,"[{'category': 'LEAD Men', 'results_url': '/api/v1/events/523/result/1'}, {'category': 'LEAD Women', 'results_url': '/api/v1/events/523/result/5'}]"
572,IFSC Climbing Worldcup (L) - Imst (AUT) 2009,"[{'category': 'LEAD Men', 'results_url': '/api/v1/events/572/result/1'}, {'category': 'LEAD Women', 'results_url': '/api/v1/events/572/result/5'}]"
735,IFSC Climbing Worldcup (L) - Imst (AUT) 2012,"[{'category': 'LEAD Men', 'results_url': '/api/v1/events/735/result/1'}, {'category': 'LEAD Women', 'results_url': '/api/v1/events/735/result/5'}]"
798,IFSC Climbing Worldcup (L) - Imst (AUT) 2013,"[{'category': 'LEAD Men', 'results_url': '/api/v1/events/798/result/1'}, {'category': 'LEAD Women', 'results_url': '/api/v1/events/798/result/5'}]"
859,IFSC Climbing Worldcup (L) - Imst (AUT) 2014 ,"[{'category': 'LEAD Men', 'results_url': '/api/v1/events/859/result/1'}, {'category': 'LEAD Women', 'results_url': '/api/v1/events/859/result/5'}]"
904,IFSC Climbing Worldcup (L) - Imst (AUT) 2015 ,"[{'category': 'LEAD Men', 'results_url': '/api/v1/events/904/result/1'}, {'category': 'LEAD Women', 'results_url': '/api/v1/events/904/result/5'}]"
948,IFSC Climbing Worldcup (L) - Imst (AUT) 2016 ,"[{'category': 'LEAD Men', 'results_url': '/api/v1/events/948/result/1'}, {'category': 'LEAD Women', 'results_url': '/api/v1/events/948/result/5'}]"
745,IFSC Climbing Worldcup (L) - Inzai (JPN) 2012,"[{'category': 'LEAD Men', 'results_url': '/api/v1/events/745/result/1'}, {'category': 'LEAD Women', 'results_url': '/api/v1/events/745/result/5'}]"
865,IFSC Climbing Worldcup (L) - Inzai (JPN) 2014 ,"[{'category': 'LEAD Men', 'results_url': '/api/v1/events/865/result/1'}, {'category': 'LEAD Women', 'results_url': '/api/v1/events/865/result/5'}]"
1125,IFSC Climbing Worldcup (L) - Inzai (JPN) 2019 ,"[{'category': 'LEAD Men', 'results_url': '/api/v1/events/1125/result/1'}, {'category': 'LEAD Women', 'results_url': '/api/v1/events/1125/result/5'}]"
483,IFSC Climbing Worldcup (L) - Kazo (JPN) 2007,"[{'category': 'LEAD Men', 'results_url': '/api/v1/events/483/result/1'}, {'category': 'LEAD Women', 'results_url': '/api/v1/events/483/result/5'}]"
486,IFSC Climbing Worldcup (L) - Kranj (SLO) 2007,"[{'category': 'LEAD Men', 'results_url': '/api/v1/events/486/result/1'}, {'category': 'LEAD Women', 'results_url': '/api/v1/events/486/result/5'}]"
526,IFSC Climbing Worldcup (L) - Kranj (SLO) 2008,"[{'category': 'LEAD Men', 'results_url': '/api/v1/events/526/result/1'}, {'category': 'LEAD Women', 'results_url': '/api/v1/events/526/result/5'}]"
575,IFSC Climbing Worldcup (L) - Kranj (SLO) 2009,"[{'category': 'LEAD Men', 'results_url': '/api/v1/events/575/result/1'}, {'category': 'LEAD Women', 'results_url': '/api/v1/events/575/result/5'}]"
622,IFSC Climbing Worldcup (L) - Kranj (SLO) 2010,"[{'category': 'LEAD Men', 'results_url': '/api/v1/events/622/result/1'}, {'category': 'LEAD Women', 'results_url': '/api/v1/events/622/result/5'}]"
687,IFSC Climbing Worldcup (L) - Kranj (SLO) 2011,"[{'category': 'LEAD Men', 'results_url': '/api/v1/events/687/result/1'}, {'category': 'LEAD Women', 'results_url': '/api/v1/events/687/result/5'}]"
746,IFSC Climbing Worldcup (L) - Kranj (SLO) 2012,"[{'category': 'LEAD Men', 'results_url': '/api/v1/events/746/result/1'}, {'category': 'LEAD Women', 'results_url': '/api/v1/events/746/result/5'}]"
807,IFSC Climbing Worldcup (L) - Kranj (SLO) 2013,"[{'category': 'LEAD Men', 'results_url': '/api/v1/events/807/result/1'}, {'category': 'LEAD Women', 'results_url': '/api/v1/events/807/result/5'}]"
866,IFSC Climbing Worldcup (L) - Kranj (SLO) 2014 ,"[{'category': 'LEAD Men', 'results_url': '/api/v1/events/866/result/1'}, {'category': 'LEAD Women', 'results_url': '/api/v1/events/866/result/5'}]"
909,IFSC Climbing Worldcup (L) - Kranj (SLO) 2015,"[{'category': 'LEAD Men', 'results_url': '/api/v1/events/909/result/1'}, {'category': 'LEAD Women', 'results_url': '/api/v1/events/909/result/5'}]"
952,IFSC Climbing Worldcup (L) - Kranj (SLO) 2016,"[{'category': 'LEAD Men', 'results_url': '/api/v1/events/952/result/1'}, {'category': 'LEAD Women', 'results_url': '/api/v1/events/952/result/5'}]"
997,IFSC Climbing Worldcup (L) - Kranj (SLO) 2017,"[{'category': 'LEAD Men', 'results_url': '/api/v1/events/997/result/1'}, {'category': 'LEAD Women', 'results_url': '/api/v1/events/997/result/5'}]"
1058,IFSC Climbing Worldcup (L) - Kranj (SLO) 2018 ,"[{'category': 'LEAD Men', 'results_url': '/api/v1/events/1058/result/1'}, {'category': 'LEAD Women', 'results_url': '/api/v1/events/1058/result/5'}]"
1123,IFSC Climbing Worldcup (L) - Kranj (SLO) 2019 ,"[{'category': 'LEAD Men', 'results_url': '/api/v1/events/1123/result/1'}, {'category': 'LEAD Women', 'results_url': '/api/v1/events/1123/result/5'}]"
573,IFSC Climbing Worldcup (L) - Puurs (BEL) 2009,"[{'category': 'LEAD Men', 'results_url': '/api/v1/events/573/result/1'}, {'category': 'LEAD Women', 'results_url': '/api/v1/events/573/result/5'}]"
620,IFSC Climbing Worldcup (L) - Puurs (BEL) 2010,"[{'category': 'LEAD Men', 'results_url': '/api/v1/events/620/result/1'}, {'category': 'LEAD Women', 'results_url': '/api/v1/events/620/result/5'}]"
683,IFSC Climbing Worldcup (L) - Puurs (BEL) 2011,"[{'category': 'LEAD Men', 'results_url': '/api/v1/events/683/result/1'}, {'category': 'LEAD Women', 'results_url': '/api/v1/events/683/result/5'}]"
741,IFSC Climbing Worldcup (L) - Puurs (BEL) 2012,"[{'category': 'LEAD Men', 'results_url': '/api/v1/events/741/result/1'}, {'category': 'LEAD Women', 'results_url': '/api/v1/events/741/result/5'}]"
801,IFSC Climbing Worldcup (L) - Puurs (BEL) 2013,"[{'category': 'LEAD Men', 'results_url': '/api/v1/events/801/result/1'}, {'category': 'LEAD Women', 'results_url': '/api/v1/events/801/result/5'}]"
907,IFSC Climbing Worldcup (L) - Puurs (BEL) 2015 ,"[{'category': 'LEAD Men', 'results_url': '/api/v1/events/907/result/1'}, {'category': 'LEAD Women', 'results_url': '/api/v1/events/907/result/5'}]"
906,IFSC Climbing Worldcup (L) - Stavanger (NOR) 2015,"[{'category': 'LEAD Men', 'results_url': '/api/v1/events/906/result/1'}, {'category': 'LEAD Women', 'results_url': '/api/v1/events/906/result/5'}]"
484,IFSC Climbing Worldcup (L) - Valence (FRA) 2007,"[{'category': 'LEAD Men', 'results_url': '/api/v1/events/484/result/1'}, {'category': 'LEAD Women', 'results_url': '/api/v1/events/484/result/5'}]"
686,IFSC Climbing Worldcup (L) - Valence (FRA) 2011,"[{'category': 'LEAD Men', 'results_url': '/api/v1/events/686/result/1'}, {'category': 'LEAD Women', 'results_url': '/api/v1/events/686/result/5'}]"
806,IFSC Climbing Worldcup (L) - Valence (FRA) 2013,"[{'category': 'LEAD Men', 'results_url': '/api/v1/events/806/result/1'}, {'category': 'LEAD Women', 'results_url': '/api/v1/events/806/result/5'}]"
476,IFSC Climbing Worldcup (L) - Zürich (SUI) 2007,"[{'category': 'LEAD Men', 'results_url': '/api/v1/events/476/result/1'}, {'category': 'LEAD Women', 'results_url': '/api/v1/events/476/result/5'}]"
482,IFSC Climbing Worldcup (L+S) - Puurs (BEL) 2007,"[{'category': 'LEAD Men', 'results_url': '/api/v1/events/482/result/1'}, {'category': 'LEAD Women', 'results_url': '/api/v1/events/482/result/5'}, {'category': 'SPEED Men', 'results_url': '/api/v1/events/482/result/2'}, {'category': 'SPEED Women', 'results_url': '/api/v1/events/482/result/6'}]"
524,IFSC Climbing Worldcup (L+S) - Puurs (BEL) 2008,"[{'category': 'LEAD Men', 'results_url': '/api/v1/events/524/result/1'}, {'category': 'LEAD Women', 'results_url': '/api/v1/events/524/result/5'}, {'category': 'SPEED Men', 'results_url': '/api/v1/events/524/result/2'}, {'category': 'SPEED Women', 'results_url': '/api/v1/events/524/result/6'}]"
480,IFSC Climbing Worldcup (L+S) - Qinghai (CHN) 2007,"[{'category': 'LEAD Men', 'results_url': '/api/v1/events/480/result/1'}, {'category': 'LEAD Women', 'results_url': '/api/v1/events/480/result/5'}, {'category': 'SPEED Men', 'results_url': '/api/v1/events/480/result/2'}, {'category': 'SPEED Women', 'results_url': '/api/v1/events/480/result/6'}]"
518,IFSC Climbing Worldcup (S + L) - Qinghai (CHN) 2008,"[{'category': 'LEAD Men', 'results_url': '/api/v1/events/518/result/1'}, {'category': 'LEAD Women', 'results_url': '/api/v1/events/518/result/5'}, {'category': 'SPEED Men', 'results_url': '/api/v1/events/518/result/2'}, {'category': 'SPEED Women', 'results_url': '/api/v1/events/518/result/6'}]"
570,IFSC Climbing Worldcup (S)  - Daone (ITA) 2009,"[{'category': 'SPEED Men', 'results_url': '/api/v1/events/570/result/2'}, {'category': 'SPEED Women', 'results_url': '/api/v1/events/570/result/6'}]"
951,IFSC Climbing Worldcup (S) -  Wujiang (CHN) 2016,"[{'category': 'SPEED Men', 'results_url': '/api/v1/events/951/result/2'}, {'category': 'SPEED Women', 'results_url': '/api/v1/events/951/result/6'}]"
737,IFSC Climbing Worldcup (S) - Arco (ITA) 2012,"[{'category': 'SPEED Men', 'results_url': '/api/v1/events/737/result/2'}, {'category': 'SPEED Women', 'results_url': '/api/v1/events/737/result/6'}]"
800,IFSC Climbing Worldcup (S) - Arco (ITA) 2013,"[{'category': 'SPEED Men', 'results_url': '/api/v1/events/800/result/2'}, {'category': 'SPEED Women', 'results_url': '/api/v1/events/800/result/6'}]"
861,IFSC Climbing Worldcup (S) - Arco (ITA) 2014 ,"[{'category': 'SPEED Men', 'results_url': '/api/v1/events/861/result/2'}, {'category': 'SPEED Women', 'results_url': '/api/v1/events/861/result/6'}]"
796,IFSC Climbing Worldcup (S) - Baku (AZE) 2013,"[{'category': 'SPEED Men', 'results_url': '/api/v1/events/796/result/2'}, {'category': 'SPEED Women', 'results_url': '/api/v1/events/796/result/6'}]"
897,IFSC Climbing Worldcup (S) - Central Saanich (CAN) 2015,"[{'category': 'SPEED Men', 'results_url': '/api/v1/events/897/result/2'}, {'category': 'SPEED Women', 'results_url': '/api/v1/events/897/result/6'}]"
616,IFSC Climbing Worldcup (S) - Daone (ITA) 2010,"[{'category': 'SPEED Men', 'results_url': '/api/v1/events/616/result/2'}, {'category': 'SPEED Women', 'results_url': '/api/v1/events/616/result/6'}]"
679,IFSC Climbing Worldcup (S) - Daone (ITA) 2011,"[{'category': 'SPEED Men', 'results_url': '/api/v1/events/679/result/2'}, {'category': 'SPEED Women', 'results_url': '/api/v1/events/679/result/6'}]"
804,IFSC Climbing Worldcup (S) - Haiyang (CHN) 2013,"[{'category': 'SPEED Men', 'results_url': '/api/v1/events/804/result/2'}, {'category': 'SPEED Women', 'results_url': '/api/v1/events/804/result/6'}]"
940,IFSC Climbing Worldcup (S) - Nanjing (CHN) 2016,"[{'category': 'SPEED Men', 'results_url': '/api/v1/events/940/result/2'}, {'category': 'SPEED Women', 'results_url': '/api/v1/events/940/result/6'}]"
469,IFSC Climbing Worldcup (S) - Tarnow (POL) 2007,"[{'category': 'SPEED Men', 'results_url': '/api/v1/events/469/result/2'}, {'category': 'SPEED Women', 'results_url': '/api/v1/events/469/result/6'}]"
561,IFSC Climbing Worldcup (S) - Tarnow (POL) 2009,"[{'category': 'SPEED Men', 'results_url': '/api/v1/events/561/result/2'}, {'category': 'SPEED Women', 'results_url': '/api/v1/events/561/result/6'}]"
472,IFSC Climbing Worldcup (S) - Trento (ITA) 2007,"[{'category': 'SPEED Men', 'results_url': '/api/v1/events/472/result/2'}, {'category': 'SPEED Women', 'results_url': '/api/v1/events/472/result/6'}]"
513,IFSC Climbing Worldcup (S) - Trento (ITA) 2008,"[{'category': 'SPEED Men', 'results_url': '/api/v1/events/513/result/2'}, {'category': 'SPEED Women', 'results_url': '/api/v1/events/513/result/6'}]"
562,IFSC Climbing Worldcup (S) - Trento (ITA) 2009,"[{'category': 'SPEED Men', 'results_url': '/api/v1/events/562/result/2'}, {'category': 'SPEED Women', 'results_url': '/api/v1/events/562/result/6'}]"
608,IFSC Climbing Worldcup (S) - Trento (ITA) 2010,"[{'category': 'SPEED Men', 'results_url': '/api/v1/events/608/result/2'}, {'category': 'SPEED Women', 'results_url': '/api/v1/events/608/result/6'}]"
479,IFSC Climbing Worldcup (S) - Val Daone (ITA) 2007,"[{'category': 'SPEED Men', 'results_url': '/api/v1/events/479/result/2'}, {'category': 'SPEED Women', 'results_url': '/api/v1/events/479/result/6'}]"
521,IFSC Climbing Worldcup (S) - Val Daone (ITA) 2008,"[{'category': 'SPEED Men', 'results_url': '/api/v1/events/521/result/2'}, {'category': 'SPEED Women', 'results_url': '/api/v1/events/521/result/6'}]"
734,IFSC Climbing Worldcup (S) - Val Daone (ITA) 2012,"[{'category': 'SPEED Men', 'results_url': '/api/v1/events/734/result/2'}, {'category': 'SPEED Women', 'results_url': '/api/v1/events/734/result/6'}]"
525,IFSC Climbing Worldcup (S+B) - Moscow (RUS) 2008  ,"[{'category': 'BOULDER Men', 'results_url': '/api/v1/events/525/result/3'}, {'category': 'BOULDER Women', 'results_url': '/api/v1/events/525/result/7'}, {'category': 'SPEED Men', 'results_url': '/api/v1/events/525/result/2'}, {'category': 'SPEED Women', 'results_url': '/api/v1/events/525/result/6'}]"
478,IFSC Climbing Worldcup (S+L) - Chamonix (FRA) 2007,"[{'category': 'LEAD Men', 'results_url': '/api/v1/events/478/result/1'}, {'category': 'LEAD Women', 'results_url': '/api/v1/events/478/result/5'}, {'category': 'SPEED Men', 'results_url': '/api/v1/events/478/result/2'}, {'category': 'SPEED Women', 'results_url': '/api/v1/events/478/result/6'}]"
520,IFSC Climbing Worldcup (S+L) - Chamonix (FRA) 2008,"[{'category': 'LEAD Men', 'results_url': '/api/v1/events/520/result/1'}, {'category': 'LEAD Women', 'results_url': '/api/v1/events/520/result/5'}, {'category': 'SPEED Men', 'results_url': '/api/v1/events/520/result/2'}, {'category': 'SPEED Women', 'results_url': '/api/v1/events/520/result/6'}]"
676,IFSC World Championship Lead Group A - Arco 2011,"[{'category': 'LEAD Men', 'results_url': '/api/v1/events/676/result/1'}, {'category': 'LEAD Women', 'results_url': '/api/v1/events/676/result/5'}]"
739,IFSC World Championship Lead Group A - Paris 2012,"[{'category': 'LEAD Men', 'results_url': '/api/v1/events/739/result/1'}, {'category': 'LEAD Women', 'results_url': '/api/v1/events/739/result/5'}]"
677,IFSC World Championship Lead Group B - Arco 2011,"[{'category': 'LEAD Men', 'results_url': '/api/v1/events/677/result/1'}, {'category': 'LEAD Women', 'results_url': '/api/v1/events/677/result/5'}]"
740,IFSC World Championship Lead Group B - Paris 2012,"[{'category': 'LEAD Men', 'results_url': '/api/v1/events/740/result/1'}, {'category': 'LEAD Women', 'results_url': '/api/v1/events/740/result/5'}]"
425,UIAA Climbing Worldcup (B) - Birmingham (GBR) 2006,"[{'category': 'BOULDER Men', 'results_url': '/api/v1/events/425/result/3'}, {'category': 'BOULDER Women', 'results_url': '/api/v1/events/425/result/7'}]"
431,UIAA Climbing Worldcup (B) - Fiera di Primiero (ITA) 2006,"[{'category': 'BOULDER Men', 'results_url': '/api/v1/events/431/result/3'}, {'category': 'BOULDER Women', 'results_url': '/api/v1/events/431/result/7'}]"
430,UIAA Climbing Worldcup (B) - Grindelwald (SUI) 2006,"[{'category': 'BOULDER Men', 'results_url': '/api/v1/events/430/result/3'}, {'category': 'BOULDER Women', 'results_url': '/api/v1/events/430/result/7'}]"
432,UIAA Climbing Worldcup (B) - Hall (AUT) 2006,"[{'category': 'BOULDER Men', 'results_url': '/api/v1/events/432/result/3'}, {'category': 'BOULDER Women', 'results_url': '/api/v1/events/432/result/7'}]"
428,UIAA Climbing Worldcup (B) - Rovereto (ITA) 2006,"[{'category': 'BOULDER Men', 'results_url': '/api/v1/events/428/result/3'}, {'category': 'BOULDER Women', 'results_url': '/api/v1/events/428/result/7'}]"
440,UIAA Climbing Worldcup (B+S) - Moscow (RUS) 2006,"[{'category': 'BOULDER Men', 'results_url': '/api/v1/events/440/result/3'}, {'category': 'BOULDER Women', 'results_url': '/api/v1/events/440/result/7'}, {'category': 'SPEED Men', 'results_url': '/api/v1/events/440/result/2'}, {'category': 'SPEED Women', 'results_url': '/api/v1/events/440/result/6'}]"
426,UIAA Climbing Worldcup (B+S) - Veliko Tarnovo (BUL) 2006,"[{'category': 'BOULDER Men', 'results_url': '/api/v1/events/426/result/3'}, {'category': 'BOULDER Women', 'results_url': '/api/v1/events/426/result/7'}, {'category': 'SPEED Men', 'results_url': '/api/v1/events/426/result/2'}, {'category': 'SPEED Women', 'results_url': '/api/v1/events/426/result/6'}]"
438,UIAA Climbing Worldcup (L) - Marbella (ESP) 2006,"[{'category': 'LEAD Men', 'results_url': '/api/v1/events/438/result/1'}, {'category': 'LEAD Women', 'results_url': '/api/v1/events/438/result/5'}]"
441,UIAA Climbing Worldcup (L) - Penne (ITA) 2006,"[{'category': 'LEAD Men', 'results_url': '/api/v1/events/441/result/1'}, {'category': 'LEAD Women', 'results_url': '/api/v1/events/441/result/5'}]"
427,UIAA Climbing Worldcup (L) - Puurs (BEL) 2006,"[{'category': 'LEAD Men', 'results_url': '/api/v1/events/427/result/1'}, {'category': 'LEAD Women', 'results_url': '/api/v1/events/427/result/5'}]"
434,UIAA Climbing Worldcup (L) - Qinghai Province (CHN) 2006,"[{'category': 'LEAD Men', 'results_url': '/api/v1/events/434/result/1'}, {'category': 'LEAD Women', 'results_url': '/api/v1/events/434/result/5'}]"
433,UIAA Climbing Worldcup (L+S) - Chamonix (FRA) 2006,"[{'category': 'LEAD Men', 'results_url': '/api/v1/events/433/result/1'}, {'category': 'LEAD Women', 'results_url': '/api/v1/events/433/result/5'}, {'category': 'SPEED Men', 'results_url': '/api/v1/events/433/result/2'}, {'category': 'SPEED Women', 'results_url': '/api/v1/events/433/result/6'}]"
429,UIAA Climbing Worldcup (L+S) - Dresden (GER) 2006,"[{'category': 'LEAD Men', 'results_url': '/api/v1/events/429/result/1'}, {'category': 'LEAD Women', 'results_url': '/api/v1/events/429/result/5'}, {'category': 'SPEED Men', 'results_url': '/api/v1/events/429/result/2'}, {'category': 'SPEED Women', 'results_url': '/api/v1/events/429/result/6'}]"
437,UIAA Climbing Worldcup (L+S) - Kuala Lumpur (MAS) 2006,"[{'category': 'LEAD Men', 'results_url': '/api/v1/events/437/result/1'}, {'category': 'LEAD Women', 'results_url': '/api/v1/events/437/result/5'}, {'category': 'SPEED Men', 'results_url': '/api/v1/events/437/result/2'}, {'category': 'SPEED Women', 'results_url': '/api/v1/events/437/result/6'}]"
439,UIAA Climbing Worldcup (L+S) - Shanghai (CHN) 2006,"[{'category': 'LEAD Men', 'results_url': '/api/v1/events/439/result/1'}, {'category': 'LEAD Women', 'results_url': '/api/v1/events/439/result/5'}, {'category': 'SPEED Men', 'results_url': '/api/v1/events/439/result/2'}, {'category': 'SPEED Women', 'results_url': '/api/v1/events/439/result/6'}]"
436,UIAA Climbing Worldcup (L+S) - Singapore (SIN) 2006,"[{'category': 'LEAD Men', 'results_url': '/api/v1/events/436/result/1'}, {'category': 'LEAD Women', 'results_url': '/api/v1/events/436/result/5'}, {'category': 'SPEED Men', 'results_url': '/api/v1/events/436/result/2'}, {'category': 'SPEED Women', 'results_url': '/api/v1/events/436/result/6'}]"
435,UIAA Climbing Worldcup (S) - Val Daone (ITA) 2006,"[{'category': 'SPEED Men', 'results_url': '/api/v1/events/435/result/2'}, {'category': 'SPEED Women', 'results_url': '/api/v1/events/435/result/6'}]"
207,UIAA World Championship - Birmingham (GBR) 1999,"[{'category': 'LEAD Men', 'results_url': '/api/v1/events/207/result/1'}, {'category': 'LEAD Women', 'results_url': '/api/v1/events/207/result/5'}, {'category': 'SPEED Men', 'results_url': '/api/v1/events/207/result/2'}, {'category': 'SPEED Women', 'results_url': '/api/v1/events/207/result/6'}]"
103,UIAA World Championship - Frankfurt 1991,"[{'category': 'LEAD Men', 'results_url': '/api/v1/events/103/result/1'}, {'category': 'LEAD Women', 'results_url': '/api/v1/events/103/result/5'}, {'category': 'SPEED Men', 'results_url': '/api/v1/events/103/result/2'}, {'category': 'SPEED Women', 'results_url': '/api/v1/events/103/result/6'}]"
125,UIAA World Championship - Innsbruck 1993,"[{'category': 'LEAD Men', 'results_url': '/api/v1/events/125/result/1'}, {'category': 'LEAD Women', 'results_url': '/api/v1/events/125/result/5'}, {'category': 'SPEED Men', 'results_url': '/api/v1/events/125/result/2'}, {'category': 'SPEED Women', 'results_url': '/api/v1/events/125/result/6'}]"
396,UIAA World Championship - Munich (GER) 2005,"[{'category': 'LEAD Men', 'results_url': '/api/v1/events/396/result/1'}, {'category': 'LEAD Women', 'results_url': '/api/v1/events/396/result/5'}, {'category': 'BOULDER Men', 'results_url': '/api/v1/events/396/result/3'}, {'category': 'BOULDER Women', 'results_url': '/api/v1/events/396/result/7'}, {'category': 'SPEED Men', 'results_url': '/api/v1/events/396/result/2'}, {'category': 'SPEED Women', 'results_url': '/api/v1/events/396/result/6'}]"
244,UIAA World Championship - Winterthur (SUI) 2001,"[{'category': 'LEAD Men', 'results_url': '/api/v1/events/244/result/1'}, {'category': 'LEAD Women', 'results_url': '/api/v1/events/244/result/5'}, {'category': 'BOULDER Men', 'results_url': '/api/v1/events/244/result/3'}, {'category': 'BOULDER Women', 'results_url': '/api/v1/events/244/result/7'}, {'category': 'SPEED Men', 'results_url': '/api/v1/events/244/result/2'}, {'category': 'SPEED Women', 'results_url': '/api/v1/events/244/result/6'}]"
388,UIAA Worldcup (B) - Birmingham (GBR) 2005,"[{'category': 'BOULDER Men', 'results_url': '/api/v1/events/388/result/3'}, {'category': 'BOULDER Women', 'results_url': '/api/v1/events/388/result/7'}]"
394,UIAA Worldcup (B) - Fiera di Primiero (ITA) 2005,"[{'category': 'BOULDER Men', 'results_url': '/api/v1/events/394/result/3'}, {'category': 'BOULDER Women', 'results_url': '/api/v1/events/394/result/7'}]"
400,UIAA Worldcup (B) - Firminy (FRA) 2005,"[{'category': 'BOULDER Men', 'results_url': '/api/v1/events/400/result/3'}, {'category': 'BOULDER Women', 'results_url': '/api/v1/events/400/result/7'}]"
389,UIAA Worldcup (B+S) - Moscow (RUS) 2005,"[{'category': 'BOULDER Men', 'results_url': '/api/v1/events/389/result/3'}, {'category': 'BOULDER Women', 'results_url': '/api/v1/events/389/result/7'}, {'category': 'SPEED Men', 'results_url': '/api/v1/events/389/result/2'}, {'category': 'SPEED Women', 'results_url': '/api/v1/events/389/result/6'}]"
393,UIAA Worldcup (L) - Imst (AUT) 2005,"[{'category': 'LEAD Men', 'results_url': '/api/v1/events/393/result/1'}, {'category': 'LEAD Women', 'results_url': '/api/v1/events/393/result/5'}]"
403,UIAA Worldcup (L) - Kranj (SLO) 2005,"[{'category': 'LEAD Men', 'results_url': '/api/v1/events/403/result/1'}, {'category': 'LEAD Women', 'results_url': '/api/v1/events/403/result/5'}]"
442,UIAA Worldcup (L) - Kranj (SLO) 2006,"[{'category': 'LEAD Men', 'results_url': '/api/v1/events/442/result/1'}, {'category': 'LEAD Women', 'results_url': '/api/v1/events/442/result/5'}]"
399,UIAA Worldcup (L) - Marbella (ESP) 2005,"[{'category': 'LEAD Men', 'results_url': '/api/v1/events/399/result/1'}, {'category': 'LEAD Women', 'results_url': '/api/v1/events/399/result/5'}]"
392,UIAA Worldcup (L) - Puurs (BEL) 2005,"[{'category': 'LEAD Men', 'results_url': '/api/v1/events/392/result/1'}, {'category': 'LEAD Women', 'results_url': '/api/v1/events/392/result/5'}]"
402,UIAA Worldcup (L) - Valence (FRA) 2005,"[{'category': 'LEAD Men', 'results_url': '/api/v1/events/402/result/1'}, {'category': 'LEAD Women', 'results_url': '/api/v1/events/402/result/5'}]"
395,UIAA Worldcup (L) - Zürich (SUI) 2005,"[{'category': 'LEAD Men', 'results_url': '/api/v1/events/395/result/1'}, {'category': 'LEAD Women', 'results_url': '/api/v1/events/395/result/5'}]"
397,UIAA Worldcup (L+S) - Chamonix (FRA) 2005,"[{'category': 'LEAD Men', 'results_url': '/api/v1/events/397/result/1'}, {'category': 'LEAD Women', 'results_url': '/api/v1/events/397/result/5'}, {'category': 'SPEED Men', 'results_url': '/api/v1/events/397/result/2'}, {'category': 'SPEED Women', 'results_url': '/api/v1/events/397/result/6'}]"
401,UIAA Worldcup (L+S) - Shanghai (CHN) 2005,"[{'category': 'LEAD Men', 'results_url': '/api/v1/events/401/result/1'}, {'category': 'LEAD Women', 'results_url': '/api/v1/events/401/result/5'}, {'category': 'SPEED Men', 'results_url': '/api/v1/events/401/result/2'}, {'category': 'SPEED Women', 'results_url': '/api/v1/events/401/result/6'}]"
391,UIAA Worldcup (L+S) - Veliko Tarnovo (BUL) 2005,"[{'category': 'LEAD Men', 'results_url': '/api/v1/events/391/result/1'}, {'category': 'LEAD Women', 'results_url': '/api/v1/events/391/result/5'}, {'category': 'SPEED Men', 'results_url': '/api/v1/events/391/result/2'}, {'category': 'SPEED Women', 'results_url': '/api/v1/events/391/result/6'}]"
398,UIAA Worldcup (S) - Daone (ITA) 2005,"[{'category': 'SPEED Men', 'results_url': '/api/v1/events/398/result/2'}, {'category': 'SPEED Women', 'results_url': '/api/v1/events/398/result/6'}]"
390,UIAA Worldcup (S) - Moscow (RUS) 2005,"[{'category': 'SPEED Men', 'results_url': '/api/v1/events/390/result/2'}, {'category': 'SPEED Women', 'results_url': '/api/v1/events/390/result/6'}]"
137,UIAA Worldcup - Aix-les-Bains 1994,"[{'category': 'LEAD Men', 'results_url': '/api/v1/events/137/result/1'}, {'category': 'LEAD Women', 'results_url': '/api/v1/events/137/result/5'}]"
147,UIAA Worldcup - Aix-les-Bains 1995,"[{'category': 'LEAD Men', 'results_url': '/api/v1/events/147/result/1'}, {'category': 'LEAD Women', 'results_url': '/api/v1/events/147/result/5'}]"
246,UIAA Worldcup - Aprica (ITA) 2001,"[{'category': 'LEAD Men', 'results_url': '/api/v1/events/246/result/1'}, {'category': 'LEAD Women', 'results_url': '/api/v1/events/246/result/5'}]"
286,UIAA Worldcup - Aprica (ITA) 2002,"[{'category': 'LEAD Men', 'results_url': '/api/v1/events/286/result/1'}, {'category': 'LEAD Women', 'results_url': '/api/v1/events/286/result/5'}]"
320,UIAA Worldcup - Aprica (ITA) 2003,"[{'category': 'LEAD Men', 'results_url': '/api/v1/events/320/result/1'}, {'category': 'LEAD Women', 'results_url': '/api/v1/events/320/result/5'}]"
359,UIAA Worldcup - Aprica (ITA) 2004,"[{'category': 'LEAD Men', 'results_url': '/api/v1/events/359/result/1'}, {'category': 'LEAD Women', 'results_url': '/api/v1/events/359/result/5'}]"
318,UIAA Worldcup - Aviles (ESP) 2003,"[{'category': 'LEAD Men', 'results_url': '/api/v1/events/318/result/1'}, {'category': 'LEAD Women', 'results_url': '/api/v1/events/318/result/5'}]"
203,UIAA Worldcup - Bardonecchia (ITA) 1999,"[{'category': 'BOULDER Men', 'results_url': '/api/v1/events/203/result/3'}, {'category': 'BOULDER Women', 'results_url': '/api/v1/events/203/result/7'}]"
355,UIAA Worldcup - Bardonecchia (ITA) 2004,"[{'category': 'BOULDER Men', 'results_url': '/api/v1/events/355/result/3'}, {'category': 'BOULDER Women', 'results_url': '/api/v1/events/355/result/7'}]"
179,UIAA Worldcup - Beauregard (ITA) 1998,"[{'category': 'SPEED Men', 'results_url': '/api/v1/events/179/result/2'}, {'category': 'SPEED Women', 'results_url': '/api/v1/events/179/result/6'}]"
202,UIAA Worldcup - Beauregard (ITA) 1999,"[{'category': 'SPEED Men', 'results_url': '/api/v1/events/202/result/2'}, {'category': 'SPEED Women', 'results_url': '/api/v1/events/202/result/6'}]"
219,UIAA Worldcup - Beauregard (ITA) 2000,"[{'category': 'SPEED Men', 'results_url': '/api/v1/events/219/result/2'}, {'category': 'SPEED Women', 'results_url': '/api/v1/events/219/result/6'}]"
199,UIAA Worldcup - Benasque (ESP) 1999,"[{'category': 'BOULDER Men', 'results_url': '/api/v1/events/199/result/3'}, {'category': 'BOULDER Women', 'results_url': '/api/v1/events/199/result/7'}]"
198,UIAA Worldcup - Besancon (FRA) 1999,"[{'category': 'LEAD Men', 'results_url': '/api/v1/events/198/result/1'}, {'category': 'LEAD Women', 'results_url': '/api/v1/events/198/result/5'}, {'category': 'SPEED Men', 'results_url': '/api/v1/events/198/result/2'}, {'category': 'SPEED Women', 'results_url': '/api/v1/events/198/result/6'}]"
249,UIAA Worldcup - Birmingham (GBR) 2001,"[{'category': 'BOULDER Men', 'results_url': '/api/v1/events/249/result/3'}, {'category': 'BOULDER Women', 'results_url': '/api/v1/events/249/result/7'}]"
347,UIAA Worldcup - Birmingham (GBR) 2004,"[{'category': 'BOULDER Men', 'results_url': '/api/v1/events/347/result/3'}, {'category': 'BOULDER Women', 'results_url': '/api/v1/events/347/result/7'}]"
106,UIAA Worldcup - Birmingham 1991,"[{'category': 'LEAD Men', 'results_url': '/api/v1/events/106/result/1'}, {'category': 'LEAD Women', 'results_url': '/api/v1/events/106/result/5'}]"
118,UIAA Worldcup - Birmingham 1992,"[{'category': 'LEAD Men', 'results_url': '/api/v1/events/118/result/1'}, {'category': 'LEAD Women', 'results_url': '/api/v1/events/118/result/5'}]"
138,UIAA Worldcup - Birmingham 1994,"[{'category': 'LEAD Men', 'results_url': '/api/v1/events/138/result/1'}, {'category': 'LEAD Women', 'results_url': '/api/v1/events/138/result/5'}]"
146,UIAA Worldcup - Birmingham 1995,"[{'category': 'LEAD Men', 'results_url': '/api/v1/events/146/result/1'}, {'category': 'LEAD Women', 'results_url': '/api/v1/events/146/result/5'}]"
169,UIAA Worldcup - Birmingham 1997,"[{'category': 'LEAD Men', 'results_url': '/api/v1/events/169/result/1'}, {'category': 'LEAD Women', 'results_url': '/api/v1/events/169/result/5'}]"
128,UIAA Worldcup - Black See 1993,"[{'category': 'LEAD Men', 'results_url': '/api/v1/events/128/result/1'}, {'category': 'LEAD Women', 'results_url': '/api/v1/events/128/result/5'}, {'category': 'SPEED Men', 'results_url': '/api/v1/events/128/result/2'}, {'category': 'SPEED Women', 'results_url': '/api/v1/events/128/result/6'}]"
275,UIAA Worldcup - Bolzano (ITA) 2002,"[{'category': 'LEAD Men', 'results_url': '/api/v1/events/275/result/1'}, {'category': 'LEAD Women', 'results_url': '/api/v1/events/275/result/5'}]"
361,UIAA Worldcup - Brno (CZE) 2004,"[{'category': 'LEAD Men', 'results_url': '/api/v1/events/361/result/1'}, {'category': 'LEAD Women', 'results_url': '/api/v1/events/361/result/5'}, {'category': 'LEAD Men', 'results_url': '/api/v1/events/361/result/393'}, {'category': 'LEAD Women', 'results_url': '/api/v1/events/361/result/413'}]"
201,UIAA Worldcup - Chamonix (FRA) 1999,"[{'category': 'BOULDER Men', 'results_url': '/api/v1/events/201/result/3'}, {'category': 'BOULDER Women', 'results_url': '/api/v1/events/201/result/7'}]"
218,UIAA Worldcup - Chamonix (FRA) 2000,"[{'category': 'LEAD Men', 'results_url': '/api/v1/events/218/result/1'}, {'category': 'LEAD Women', 'results_url': '/api/v1/events/218/result/5'}, {'category': 'BOULDER Men', 'results_url': '/api/v1/events/218/result/3'}, {'category': 'BOULDER Women', 'results_url': '/api/v1/events/218/result/7'}, {'category': 'SPEED Men', 'results_url': '/api/v1/events/218/result/2'}, {'category': 'SPEED Women', 'results_url': '/api/v1/events/218/result/6'}]"
241,UIAA Worldcup - Chamonix (FRA) 2001,"[{'category': 'LEAD Men', 'results_url': '/api/v1/events/241/result/1'}, {'category': 'LEAD Women', 'results_url': '/api/v1/events/241/result/5'}, {'category': 'BOULDER Men', 'results_url': '/api/v1/events/241/result/3'}, {'category': 'BOULDER Women', 'results_url': '/api/v1/events/241/result/7'}]"
352,UIAA Worldcup - Chamonix (FRA) 2004,"[{'category': 'LEAD Men', 'results_url': '/api/v1/events/352/result/1'}, {'category': 'LEAD Women', 'results_url': '/api/v1/events/352/result/5'}, {'category': 'SPEED Men', 'results_url': '/api/v1/events/352/result/2'}, {'category': 'SPEED Women', 'results_url': '/api/v1/events/352/result/6'}]"
101,UIAA Worldcup - Clusone 1991,"[{'category': 'LEAD Men', 'results_url': '/api/v1/events/101/result/1'}, {'category': 'LEAD Women', 'results_url': '/api/v1/events/101/result/5'}]"
204,UIAA Worldcup - Cortina (ITA) 1999,"[{'category': 'BOULDER Men', 'results_url': '/api/v1/events/204/result/3'}, {'category': 'BOULDER Women', 'results_url': '/api/v1/events/204/result/7'}]"
180,UIAA Worldcup - Courmayeur (ITA) 1998,"[{'category': 'LEAD Men', 'results_url': '/api/v1/events/180/result/1'}, {'category': 'LEAD Women', 'results_url': '/api/v1/events/180/result/5'}]"
224,UIAA Worldcup - Courmayeur (ITA) 2000,"[{'category': 'LEAD Men', 'results_url': '/api/v1/events/224/result/1'}, {'category': 'LEAD Women', 'results_url': '/api/v1/events/224/result/5'}]"
165,UIAA Worldcup - Courmayeur 1997,"[{'category': 'LEAD Men', 'results_url': '/api/v1/events/165/result/1'}, {'category': 'LEAD Women', 'results_url': '/api/v1/events/165/result/5'}]"
325,UIAA Worldcup - Edinburgh (GBR) 2003,"[{'category': 'LEAD Men', 'results_url': '/api/v1/events/325/result/1'}, {'category': 'LEAD Women', 'results_url': '/api/v1/events/325/result/5'}, {'category': 'BOULDER Men', 'results_url': '/api/v1/events/325/result/3'}, {'category': 'BOULDER Women', 'results_url': '/api/v1/events/325/result/7'}]"
152,UIAA Worldcup - Ekaterinburg 1996,"[{'category': 'LEAD Men', 'results_url': '/api/v1/events/152/result/1'}, {'category': 'LEAD Women', 'results_url': '/api/v1/events/152/result/5'}]"
348,UIAA Worldcup - Erlangen (GER) 2004,"[{'category': 'BOULDER Men', 'results_url': '/api/v1/events/348/result/3'}, {'category': 'BOULDER Women', 'results_url': '/api/v1/events/348/result/7'}]"
280,UIAA Worldcup - Fiera di Primiero (ITA) 2002,"[{'category': 'BOULDER Men', 'results_url': '/api/v1/events/280/result/3'}, {'category': 'BOULDER Women', 'results_url': '/api/v1/events/280/result/7'}]"
311,UIAA Worldcup - Fiera di Primiero (ITA) 2003,"[{'category': 'BOULDER Men', 'results_url': '/api/v1/events/311/result/3'}, {'category': 'BOULDER Women', 'results_url': '/api/v1/events/311/result/7'}]"
351,UIAA Worldcup - Fiera di Primiero (ITA) 2004,"[{'category': 'BOULDER Men', 'results_url': '/api/v1/events/351/result/3'}, {'category': 'BOULDER Women', 'results_url': '/api/v1/events/351/result/7'}]"
124,UIAA Worldcup - Frankfurt 1993,"[{'category': 'LEAD Men', 'results_url': '/api/v1/events/124/result/1'}, {'category': 'LEAD Women', 'results_url': '/api/v1/events/124/result/5'}, {'category': 'SPEED Men', 'results_url': '/api/v1/events/124/result/2'}, {'category': 'SPEED Women', 'results_url': '/api/v1/events/124/result/6'}]"
143,UIAA Worldcup - Frankfurt 1995,"[{'category': 'LEAD Men', 'results_url': '/api/v1/events/143/result/1'}, {'category': 'LEAD Women', 'results_url': '/api/v1/events/143/result/5'}]"
240,UIAA Worldcup - GAP (FRA) 2001,"[{'category': 'BOULDER Men', 'results_url': '/api/v1/events/240/result/3'}, {'category': 'BOULDER Women', 'results_url': '/api/v1/events/240/result/7'}]"
154,UIAA Worldcup - Graz 1996,"[{'category': 'LEAD Men', 'results_url': '/api/v1/events/154/result/1'}, {'category': 'LEAD Women', 'results_url': '/api/v1/events/154/result/5'}]"
205,UIAA Worldcup - Grenoble (FRA) 1999,"[{'category': 'BOULDER Men', 'results_url': '/api/v1/events/205/result/3'}, {'category': 'BOULDER Women', 'results_url': '/api/v1/events/205/result/7'}]"
221,UIAA Worldcup - Grenoble (FRA) 2000,"[{'category': 'BOULDER Men', 'results_url': '/api/v1/events/221/result/3'}, {'category': 'BOULDER Women', 'results_url': '/api/v1/events/221/result/7'}]"
357,UIAA Worldcup - Huzou (CHN) 2004,"[{'category': 'BOULDER Men', 'results_url': '/api/v1/events/357/result/3'}, {'category': 'BOULDER Women', 'results_url': '/api/v1/events/357/result/7'}]"
279,UIAA Worldcup - Imst (AUT) 2002,"[{'category': 'LEAD Men', 'results_url': '/api/v1/events/279/result/1'}, {'category': 'LEAD Women', 'results_url': '/api/v1/events/279/result/5'}]"
307,UIAA Worldcup - Imst (AUT) 2003,"[{'category': 'LEAD Men', 'results_url': '/api/v1/events/307/result/1'}, {'category': 'LEAD Women', 'results_url': '/api/v1/events/307/result/5'}]"
350,UIAA Worldcup - Imst (AUT) 2004,"[{'category': 'LEAD Men', 'results_url': '/api/v1/events/350/result/1'}, {'category': 'LEAD Women', 'results_url': '/api/v1/events/350/result/5'}]"
168,UIAA Worldcup - Imst 1997,"[{'category': 'LEAD Men', 'results_url': '/api/v1/events/168/result/1'}, {'category': 'LEAD Women', 'results_url': '/api/v1/events/168/result/5'}]"
102,UIAA Worldcup - Innsbruck 1991,"[{'category': 'LEAD Men', 'results_url': '/api/v1/events/102/result/1'}, {'category': 'LEAD Women', 'results_url': '/api/v1/events/102/result/5'}]"
114,UIAA Worldcup - Kobe 1992,"[{'category': 'LEAD Men', 'results_url': '/api/v1/events/114/result/1'}, {'category': 'LEAD Women', 'results_url': '/api/v1/events/114/result/5'}]"
216,UIAA Worldcup - Konitsa (GRE) 2000,"[{'category': 'BOULDER Men', 'results_url': '/api/v1/events/216/result/3'}, {'category': 'BOULDER Women', 'results_url': '/api/v1/events/216/result/7'}]"
182,UIAA Worldcup - Kranj (SLO) 1998,"[{'category': 'LEAD Men', 'results_url': '/api/v1/events/182/result/1'}, {'category': 'LEAD Women', 'results_url': '/api/v1/events/182/result/5'}]"
206,UIAA Worldcup - Kranj (SLO) 1999,"[{'category': 'LEAD Men', 'results_url': '/api/v1/events/206/result/1'}, {'category': 'LEAD Women', 'results_url': '/api/v1/events/206/result/5'}]"
226,UIAA Worldcup - Kranj (SLO) 2000,"[{'category': 'LEAD Men', 'results_url': '/api/v1/events/226/result/1'}, {'category': 'LEAD Women', 'results_url': '/api/v1/events/226/result/5'}]"
248,UIAA Worldcup - Kranj (SLO) 2001,"[{'category': 'LEAD Men', 'results_url': '/api/v1/events/248/result/1'}, {'category': 'LEAD Women', 'results_url': '/api/v1/events/248/result/5'}]"
287,UIAA Worldcup - Kranj (SLO) 2002,"[{'category': 'LEAD Men', 'results_url': '/api/v1/events/287/result/1'}, {'category': 'LEAD Women', 'results_url': '/api/v1/events/287/result/5'}]"
323,UIAA Worldcup - Kranj (SLO) 2003,"[{'category': 'LEAD Men', 'results_url': '/api/v1/events/323/result/1'}, {'category': 'LEAD Women', 'results_url': '/api/v1/events/323/result/5'}]"
362,UIAA Worldcup - Kranj (SLO) 2004,"[{'category': 'LEAD Men', 'results_url': '/api/v1/events/362/result/1'}, {'category': 'LEAD Women', 'results_url': '/api/v1/events/362/result/5'}]"
153,UIAA Worldcup - Kranj 1996,"[{'category': 'LEAD Men', 'results_url': '/api/v1/events/153/result/1'}, {'category': 'LEAD Women', 'results_url': '/api/v1/events/153/result/5'}]"
167,UIAA Worldcup - Kranj 1997,"[{'category': 'LEAD Men', 'results_url': '/api/v1/events/167/result/1'}, {'category': 'LEAD Women', 'results_url': '/api/v1/events/167/result/5'}]"
247,UIAA Worldcup - Kuala Lumpur (MAS) 2001,"[{'category': 'LEAD Men', 'results_url': '/api/v1/events/247/result/1'}, {'category': 'LEAD Women', 'results_url': '/api/v1/events/247/result/5'}, {'category': 'SPEED Men', 'results_url': '/api/v1/events/247/result/2'}, {'category': 'SPEED Women', 'results_url': '/api/v1/events/247/result/6'}]"
316,UIAA Worldcup - L'Argentière (FRA) 2003,"[{'category': 'BOULDER Men', 'results_url': '/api/v1/events/316/result/3'}, {'category': 'BOULDER Women', 'results_url': '/api/v1/events/316/result/7'}]"
354,UIAA Worldcup - L'Argentière La Bessée (FRA) 2004,"[{'category': 'BOULDER Men', 'results_url': '/api/v1/events/354/result/3'}, {'category': 'BOULDER Women', 'results_url': '/api/v1/events/354/result/7'}]"
117,UIAA Worldcup - Laval 1992,"[{'category': 'LEAD Men', 'results_url': '/api/v1/events/117/result/1'}, {'category': 'LEAD Women', 'results_url': '/api/v1/events/117/result/5'}]"
130,UIAA Worldcup - Laval 1993,"[{'category': 'LEAD Men', 'results_url': '/api/v1/events/130/result/1'}, {'category': 'LEAD Women', 'results_url': '/api/v1/events/130/result/5'}]"
223,UIAA Worldcup - Lecco (ITA) 2000,"[{'category': 'LEAD Men', 'results_url': '/api/v1/events/223/result/1'}, {'category': 'LEAD Women', 'results_url': '/api/v1/events/223/result/5'}]"
245,UIAA Worldcup - Lecco (ITA) 2001,"[{'category': 'LEAD Men', 'results_url': '/api/v1/events/245/result/1'}, {'category': 'LEAD Women', 'results_url': '/api/v1/events/245/result/5'}]"
282,UIAA Worldcup - Lecco (ITA) 2002 - boulder,"[{'category': 'BOULDER Men', 'results_url': '/api/v1/events/282/result/3'}, {'category': 'BOULDER Women', 'results_url': '/api/v1/events/282/result/7'}]"
283,UIAA Worldcup - Lecco (ITA) 2002 - difficulty,"[{'category': 'LEAD Men', 'results_url': '/api/v1/events/283/result/1'}, {'category': 'LEAD Women', 'results_url': '/api/v1/events/283/result/5'}]"
281,UIAA Worldcup - Lecco (ITA) 2002 - speed,"[{'category': 'SPEED Men', 'results_url': '/api/v1/events/281/result/2'}, {'category': 'SPEED Women', 'results_url': '/api/v1/events/281/result/6'}]"
313,UIAA Worldcup - Lecco (ITA) 2003 (boulder),"[{'category': 'BOULDER Men', 'results_url': '/api/v1/events/313/result/3'}, {'category': 'BOULDER Women', 'results_url': '/api/v1/events/313/result/7'}]"
314,UIAA Worldcup - Lecco (ITA) 2003 (difficulty),"[{'category': 'LEAD Men', 'results_url': '/api/v1/events/314/result/1'}, {'category': 'LEAD Women', 'results_url': '/api/v1/events/314/result/5'}]"
312,UIAA Worldcup - Lecco (ITA) 2003 (speed),"[{'category': 'SPEED Men', 'results_url': '/api/v1/events/312/result/2'}, {'category': 'SPEED Women', 'results_url': '/api/v1/events/312/result/6'}]"
1170,UIAA Worldcup - Leipzig (GER) 1999,"[{'category': 'LEAD Men', 'results_url': '/api/v1/events/1170/result/1'}, {'category': 'LEAD Women', 'results_url': '/api/v1/events/1170/result/5'}, {'category': 'SPEED Men', 'results_url': '/api/v1/events/1170/result/2'}, {'category': 'SPEED Women', 'results_url': '/api/v1/events/1170/result/6'}]"
356,UIAA Worldcup - Marbella (ESP) 2004,"[{'category': 'LEAD Men', 'results_url': '/api/v1/events/356/result/1'}, {'category': 'LEAD Women', 'results_url': '/api/v1/events/356/result/5'}]"
181,UIAA Worldcup - Milan (ITA) 1998,"[{'category': 'LEAD Men', 'results_url': '/api/v1/events/181/result/1'}, {'category': 'LEAD Women', 'results_url': '/api/v1/events/181/result/5'}]"
217,UIAA Worldcup - Millau (FRA) 2000,"[{'category': 'BOULDER Men', 'results_url': '/api/v1/events/217/result/3'}, {'category': 'BOULDER Women', 'results_url': '/api/v1/events/217/result/7'}]"
135,UIAA Worldcup - Moscow 1994,"[{'category': 'LEAD Men', 'results_url': '/api/v1/events/135/result/1'}, {'category': 'LEAD Women', 'results_url': '/api/v1/events/135/result/5'}]"
144,UIAA Worldcup - Moscow 1995,"[{'category': 'LEAD Men', 'results_url': '/api/v1/events/144/result/1'}, {'category': 'LEAD Women', 'results_url': '/api/v1/events/144/result/5'}]"
242,UIAA Worldcup - Munich (GER ) 2001,"[{'category': 'BOULDER Men', 'results_url': '/api/v1/events/242/result/3'}, {'category': 'BOULDER Women', 'results_url': '/api/v1/events/242/result/7'}]"
220,UIAA Worldcup - München (GER) 2000,"[{'category': 'BOULDER Men', 'results_url': '/api/v1/events/220/result/3'}, {'category': 'BOULDER Women', 'results_url': '/api/v1/events/220/result/7'}]"
225,UIAA Worldcup - Nantes (FRA) 2000,"[{'category': 'LEAD Men', 'results_url': '/api/v1/events/225/result/1'}, {'category': 'LEAD Women', 'results_url': '/api/v1/events/225/result/5'}, {'category': 'SPEED Men', 'results_url': '/api/v1/events/225/result/2'}, {'category': 'SPEED Women', 'results_url': '/api/v1/events/225/result/6'}]"
105,UIAA Worldcup - Nürnberg 1991,"[{'category': 'LEAD Men', 'results_url': '/api/v1/events/105/result/1'}, {'category': 'LEAD Women', 'results_url': '/api/v1/events/105/result/5'}]"
115,UIAA Worldcup - Nürnberg 1992,"[{'category': 'LEAD Men', 'results_url': '/api/v1/events/115/result/1'}, {'category': 'LEAD Women', 'results_url': '/api/v1/events/115/result/5'}]"
129,UIAA Worldcup - Nürnberg 1993,"[{'category': 'LEAD Men', 'results_url': '/api/v1/events/129/result/1'}, {'category': 'LEAD Women', 'results_url': '/api/v1/events/129/result/5'}, {'category': 'SPEED Men', 'results_url': '/api/v1/events/129/result/2'}, {'category': 'SPEED Women', 'results_url': '/api/v1/events/129/result/6'}]"
166,UIAA Worldcup - Prag 1997,"[{'category': 'LEAD Men', 'results_url': '/api/v1/events/166/result/1'}, {'category': 'LEAD Women', 'results_url': '/api/v1/events/166/result/5'}]"
321,UIAA Worldcup - Prague (CZE) 2003,"[{'category': 'LEAD Men', 'results_url': '/api/v1/events/321/result/1'}, {'category': 'LEAD Women', 'results_url': '/api/v1/events/321/result/5'}]"
349,UIAA Worldcup - Puurs (BEL) 2004,"[{'category': 'LEAD Men', 'results_url': '/api/v1/events/349/result/1'}, {'category': 'LEAD Women', 'results_url': '/api/v1/events/349/result/5'}]"
222,UIAA Worldcup - Rovereto (ITA) 2000,"[{'category': 'BOULDER Men', 'results_url': '/api/v1/events/222/result/3'}, {'category': 'BOULDER Women', 'results_url': '/api/v1/events/222/result/7'}]"
243,UIAA Worldcup - Rovereto (ITA) 2001,"[{'category': 'BOULDER Men', 'results_url': '/api/v1/events/243/result/3'}, {'category': 'BOULDER Women', 'results_url': '/api/v1/events/243/result/7'}]"
285,UIAA Worldcup - Rovereto (ITA) 2002,"[{'category': 'BOULDER Men', 'results_url': '/api/v1/events/285/result/3'}, {'category': 'BOULDER Women', 'results_url': '/api/v1/events/285/result/7'}]"
319,UIAA Worldcup - Rovereto (ITA) 2003,"[{'category': 'BOULDER Men', 'results_url': '/api/v1/events/319/result/3'}, {'category': 'BOULDER Women', 'results_url': '/api/v1/events/319/result/7'}]"
358,UIAA Worldcup - Shanghai (CHN) 2004,"[{'category': 'LEAD Men', 'results_url': '/api/v1/events/358/result/1'}, {'category': 'LEAD Women', 'results_url': '/api/v1/events/358/result/5'}, {'category': 'SPEED Men', 'results_url': '/api/v1/events/358/result/2'}, {'category': 'SPEED Women', 'results_url': '/api/v1/events/358/result/6'}]"
324,UIAA Worldcup - Shenzen (CHN) 2003,"[{'category': 'LEAD Men', 'results_url': '/api/v1/events/324/result/1'}, {'category': 'LEAD Women', 'results_url': '/api/v1/events/324/result/5'}, {'category': 'SPEED Men', 'results_url': '/api/v1/events/324/result/2'}, {'category': 'SPEED Women', 'results_url': '/api/v1/events/324/result/6'}]"
284,UIAA Worldcup - Singapore (SIN) 2002,"[{'category': 'LEAD Men', 'results_url': '/api/v1/events/284/result/1'}, {'category': 'LEAD Women', 'results_url': '/api/v1/events/284/result/5'}, {'category': 'SPEED Men', 'results_url': '/api/v1/events/284/result/2'}, {'category': 'SPEED Women', 'results_url': '/api/v1/events/284/result/6'}]"
116,UIAA Worldcup - St. Pölten 1992,"[{'category': 'LEAD Men', 'results_url': '/api/v1/events/116/result/1'}, {'category': 'LEAD Women', 'results_url': '/api/v1/events/116/result/5'}]"
104,UIAA Worldcup - Tokio 1991,"[{'category': 'LEAD Men', 'results_url': '/api/v1/events/104/result/1'}, {'category': 'LEAD Women', 'results_url': '/api/v1/events/104/result/5'}]"
127,UIAA Worldcup - Toulon 1993,"[{'category': 'LEAD Men', 'results_url': '/api/v1/events/127/result/1'}, {'category': 'LEAD Women', 'results_url': '/api/v1/events/127/result/5'}]"
317,UIAA Worldcup - Val Daone (ITA) 2003,"[{'category': 'SPEED Men', 'results_url': '/api/v1/events/317/result/2'}, {'category': 'SPEED Women', 'results_url': '/api/v1/events/317/result/6'}]"
353,UIAA Worldcup - Val Daone (ITA) 2004,"[{'category': 'SPEED Men', 'results_url': '/api/v1/events/353/result/2'}, {'category': 'SPEED Women', 'results_url': '/api/v1/events/353/result/6'}]"
200,UIAA Worldcup - Val d'Isere (FRA) 1999,"[{'category': 'BOULDER Men', 'results_url': '/api/v1/events/200/result/3'}, {'category': 'BOULDER Women', 'results_url': '/api/v1/events/200/result/7'}]"
322,UIAA Worldcup - Valence (FRA) 2003,"[{'category': 'LEAD Men', 'results_url': '/api/v1/events/322/result/1'}, {'category': 'LEAD Women', 'results_url': '/api/v1/events/322/result/5'}]"
360,UIAA Worldcup - Valence (FRA) 2004,"[{'category': 'LEAD Men', 'results_url': '/api/v1/events/360/result/1'}, {'category': 'LEAD Women', 'results_url': '/api/v1/events/360/result/5'}]"
134,UIAA Worldcup - Villach 1994,"[{'category': 'LEAD Men', 'results_url': '/api/v1/events/134/result/1'}, {'category': 'LEAD Women', 'results_url': '/api/v1/events/134/result/5'}]"
100,UIAA Worldcup - Wien 1991,"[{'category': 'LEAD Men', 'results_url': '/api/v1/events/100/result/1'}, {'category': 'LEAD Women', 'results_url': '/api/v1/events/100/result/5'}]"
197,UIAA Worldcup - Wiener Neustadt (AUT) 1999,"[{'category': 'LEAD Men', 'results_url': '/api/v1/events/197/result/1'}, {'category': 'LEAD Women', 'results_url': '/api/v1/events/197/result/5'}]"
276,UIAA Worldcup - Yekaterinburg (RUS) 2002 Group 1 - Red Cards withdrawn,"[{'category': 'LEAD Men', 'results_url': '/api/v1/events/276/result/1'}, {'category': 'LEAD Women', 'results_url': '/api/v1/events/276/result/5'}, {'category': 'SPEED Men', 'results_url': '/api/v1/events/276/result/2'}, {'category': 'SPEED Women', 'results_url': '/api/v1/events/276/result/6'}]"
277,UIAA Worldcup - Yekaterinburg (RUS) 2002 Group 2,"[{'category': 'SPEED Men', 'results_url': '/api/v1/events/277/result/2'}, {'category': 'SPEED Women', 'results_url': '/api/v1/events/277/result/6'}]"
278,UIAA Worldcup - Yekaterinburg (RUS) 2002 Group 3,"[{'category': 'SPEED Men', 'results_url': '/api/v1/events/278/result/2'}, {'category': 'SPEED Women', 'results_url': '/api/v1/events/278/result/6'}]"
308,UIAA Worldcup - Yekaterinburg (RUS) 2003 (B+S),"[{'category': 'BOULDER Men', 'results_url': '/api/v1/events/308/result/3'}, {'category': 'BOULDER Women', 'results_url': '/api/v1/events/308/result/7'}, {'category': 'SPEED Men', 'results_url': '/api/v1/events/308/result/2'}, {'category': 'SPEED Women', 'results_url': '/api/v1/events/308/result/6'}]"
310,UIAA Worldcup - Yekaterinburg (RUS) 2003 (D+S),"[{'category': 'LEAD Men', 'results_url': '/api/v1/events/310/result/1'}, {'category': 'LEAD Women', 'results_url': '/api/v1/events/310/result/5'}, {'category': 'SPEED Men', 'results_url': '/api/v1/events/310/result/2'}, {'category': 'SPEED Women', 'results_url': '/api/v1/events/310/result/6'}]"
309,UIAA Worldcup - Yekaterinburg (RUS) 2003 (S),"[{'category': 'SPEED Men', 'results_url': '/api/v1/events/309/result/2'}, {'category': 'SPEED Women', 'results_url': '/api/v1/events/309/result/6'}]"
113,UIAA Worldcup - Zürich 1992,"[{'category': 'LEAD Men', 'results_url': '/api/v1/events/113/result/1'}, {'category': 'LEAD Women', 'results_url': '/api/v1/events/113/result/5'}]"
126,UIAA Worldcup - Zürich 1993,"[{'category': 'LEAD Men', 'results_url': '/api/v1/events/126/result/1'}, {'category': 'LEAD Women', 'results_url': '/api/v1/events/126/result/5'}]"